0.821820718;0.771147895;0.719409683;0.6642818;0.637825979;0.621990906;0.585484949;0.612333063;0.589713509;0.58147801;0.566122459;0.571506937;0.556567636;0.546000092;0.477167573;0.449560159;0.524672479;0.821820718;0.771147895;0.719409683;0.6642818;0.637825979;0.621990906;0.585484949;0.612333063;0.589713509;0.58147801;0.566122459;0.571506937;0.556567636;0.546000092;0.477167573;0.449560159;0.524672479
0.823252461;0.778288153;0.722971117;0.671386419;0.659086845;0.632593023;0.589011967;0.619371374;0.596733908;0.588483769;0.580100791;0.578476534;0.570481827;0.552911485;0.490800932;0.462782517;0.537469369;0.823252461;0.778288153;0.722971117;0.671386419;0.659086845;0.632593023;0.589011967;0.619371374;0.596733908;0.588483769;0.580100791;0.578476534;0.570481827;0.552911485;0.490800932;0.462782517;0.537469369
0.824684205;0.788998541;0.726532551;0.692700273;0.669717278;0.636127062;0.599593021;0.626409685;0.603754307;0.595489528;0.587089957;0.585446131;0.577438923;0.559822879;0.504434292;0.476004874;0.550266259;0.824684205;0.788998541;0.726532551;0.692700273;0.669717278;0.636127062;0.599593021;0.626409685;0.603754307;0.595489528;0.587089957;0.585446131;0.577438923;0.559822879;0.504434292;0.476004874;0.550266259
0.831842922;0.796138799;0.730093985;0.696252582;0.673260755;0.643195141;0.613701092;0.633447996;0.610774706;0.602495287;0.594079123;0.592415728;0.584396018;0.566734273;0.518067651;0.489227232;0.563063148;0.831842922;0.796138799;0.730093985;0.696252582;0.673260755;0.643195141;0.613701092;0.633447996;0.610774706;0.602495287;0.594079123;0.592415728;0.584396018;0.566734273;0.518067651;0.489227232;0.563063148
0.833990537;0.803279057;0.733655419;0.699804891;0.676804233;0.64672918;0.617228109;0.640486307;0.617795105;0.609501046;0.60106829;0.599385325;0.591353114;0.573645666;0.53170101;0.50244959;0.575860038;0.833990537;0.803279057;0.733655419;0.699804891;0.676804233;0.64672918;0.617228109;0.640486307;0.617795105;0.609501046;0.60106829;0.599385325;0.591353114;0.573645666;0.53170101;0.50244959;0.575860038
0.836138152;0.806849186;0.737216853;0.703357201;0.680347711;0.650263219;0.620755127;0.647524618;0.624815504;0.616506805;0.608057456;0.606354921;0.598310209;0.58055706;0.545334369;0.515671947;0.588656928;0.836138152;0.806849186;0.737216853;0.703357201;0.680347711;0.650263219;0.620755127;0.647524618;0.624815504;0.616506805;0.608057456;0.606354921;0.598310209;0.58055706;0.545334369;0.515671947;0.588656928
0.841149254;0.813989445;0.740778288;0.70690951;0.683891188;0.653797259;0.624282145;0.651043773;0.631835902;0.623512565;0.615046622;0.613324518;0.605267305;0.587468453;0.558967729;0.528894305;0.601453818;0.841149254;0.813989445;0.740778288;0.70690951;0.683891188;0.653797259;0.624282145;0.651043773;0.631835902;0.623512565;0.615046622;0.613324518;0.605267305;0.587468453;0.558967729;0.528894305;0.601453818
0.841865126;0.816845548;0.747901156;0.710461819;0.687434666;0.657331298;0.627809163;0.654562929;0.638856301;0.627015444;0.622035788;0.620294115;0.6122244;0.594379847;0.565784408;0.542116662;0.614250707;0.841865126;0.816845548;0.747901156;0.710461819;0.687434666;0.657331298;0.627809163;0.654562929;0.638856301;0.627015444;0.622035788;0.620294115;0.6122244;0.594379847;0.565784408;0.542116662;0.614250707
0.843296869;0.817559574;0.75146259;0.714014128;0.694521621;0.660865337;0.63133618;0.66160124;0.6458767;0.630518324;0.629024954;0.627263712;0.619181495;0.597835544;0.572601088;0.55533902;0.627047597;0.843296869;0.817559574;0.75146259;0.714014128;0.694521621;0.660865337;0.63133618;0.66160124;0.6458767;0.630518324;0.629024954;0.627263712;0.619181495;0.597835544;0.572601088;0.55533902;0.627047597
0.844728613;0.818273599;0.755024024;0.717566437;0.698065099;0.664399376;0.634863198;0.665120396;0.652897099;0.634021203;0.63601412;0.634233308;0.626138591;0.60129124;0.579417767;0.568561378;0.639844487;0.844728613;0.818273599;0.755024024;0.717566437;0.698065099;0.664399376;0.634863198;0.665120396;0.652897099;0.634021203;0.63601412;0.634233308;0.626138591;0.60129124;0.579417767;0.568561378;0.639844487
0.846160356;0.821129703;0.758585458;0.721118746;0.701608577;0.667933416;0.638390216;0.668639551;0.659917498;0.637524083;0.643003287;0.641202905;0.633095686;0.608202634;0.586234447;0.581783735;0.652641377;0.846160356;0.821129703;0.758585458;0.721118746;0.701608577;0.667933416;0.638390216;0.668639551;0.659917498;0.637524083;0.643003287;0.641202905;0.633095686;0.608202634;0.586234447;0.581783735;0.652641377
0.847592099;0.822557754;0.762146892;0.724671055;0.708695532;0.671467455;0.641917234;0.672158707;0.666937897;0.641026962;0.649992453;0.648172502;0.640052782;0.615114028;0.593051127;0.595006093;0.665438266;0.847592099;0.822557754;0.762146892;0.724671055;0.708695532;0.671467455;0.641917234;0.672158707;0.666937897;0.641026962;0.649992453;0.648172502;0.640052782;0.615114028;0.593051127;0.595006093;0.665438266
0.848307971;0.823985806;0.765708326;0.728223364;0.712239009;0.675001494;0.645444252;0.675677862;0.673958296;0.644529842;0.653487036;0.655142099;0.647009877;0.618569724;0.599867806;0.608228451;0.678235156;0.848307971;0.823985806;0.765708326;0.728223364;0.712239009;0.675001494;0.645444252;0.675677862;0.673958296;0.644529842;0.653487036;0.655142099;0.647009877;0.618569724;0.599867806;0.608228451;0.678235156
0.849023843;0.824699832;0.76926976;0.731775673;0.715782487;0.678535533;0.648971269;0.679197018;0.677468495;0.648032722;0.656981619;0.662111696;0.653966973;0.622025421;0.606684486;0.621450808;0.691032046;0.849023843;0.824699832;0.76926976;0.731775673;0.715782487;0.678535533;0.648971269;0.679197018;0.677468495;0.648032722;0.656981619;0.662111696;0.653966973;0.622025421;0.606684486;0.621450808;0.691032046
0.850455586;0.826841909;0.772831194;0.735327982;0.719325965;0.682069573;0.652498287;0.682716173;0.680978695;0.651535601;0.660476202;0.669081292;0.660924068;0.625481118;0.613501166;0.634673166;0.703828936;0.850455586;0.826841909;0.772831194;0.735327982;0.719325965;0.682069573;0.652498287;0.682716173;0.680978695;0.651535601;0.660476202;0.669081292;0.660924068;0.625481118;0.613501166;0.634673166;0.703828936
0.85188733;0.828269961;0.776392628;0.738880291;0.722869442;0.685603612;0.656025305;0.686235329;0.684488894;0.655038481;0.663970785;0.676050889;0.664402616;0.628936815;0.620317845;0.647895523;0.716625825;0.85188733;0.828269961;0.776392628;0.738880291;0.722869442;0.685603612;0.656025305;0.686235329;0.684488894;0.655038481;0.663970785;0.676050889;0.664402616;0.628936815;0.620317845;0.647895523;0.716625825
0.853319073;0.829698013;0.779954062;0.742432601;0.729956398;0.689137651;0.659552323;0.689754484;0.687999094;0.65854136;0.667465368;0.679535688;0.667881164;0.632392511;0.627134525;0.661117881;0.729422715;0.853319073;0.829698013;0.779954062;0.742432601;0.729956398;0.689137651;0.659552323;0.689754484;0.687999094;0.65854136;0.667465368;0.679535688;0.667881164;0.632392511;0.627134525;0.661117881;0.729422715
0.854750817;0.831126064;0.783515496;0.74598491;0.737043353;0.69267169;0.66307934;0.69327364;0.691509293;0.66204424;0.670959951;0.683020486;0.671359711;0.635848208;0.633951204;0.674340239;0.742219605;0.854750817;0.831126064;0.783515496;0.74598491;0.737043353;0.69267169;0.66307934;0.69327364;0.691509293;0.66204424;0.670959951;0.683020486;0.671359711;0.635848208;0.633951204;0.674340239;0.742219605
0.855466688;0.83184009;0.78707693;0.749537219;0.740586831;0.69620573;0.666606358;0.696792795;0.695019493;0.665547119;0.674454534;0.686505284;0.674838259;0.639303905;0.640767884;0.687562596;0.755016495;0.855466688;0.83184009;0.78707693;0.749537219;0.740586831;0.69620573;0.666606358;0.696792795;0.695019493;0.665547119;0.674454534;0.686505284;0.674838259;0.639303905;0.640767884;0.687562596;0.755016495
0.85618256;0.832554116;0.790638365;0.753089528;0.744130308;0.699739769;0.670133376;0.700311951;0.698529692;0.669049999;0.677949117;0.689990083;0.678316807;0.642759602;0.647584564;0.700784954;0.761414939;0.85618256;0.832554116;0.790638365;0.753089528;0.744130308;0.699739769;0.670133376;0.700311951;0.698529692;0.669049999;0.677949117;0.689990083;0.678316807;0.642759602;0.647584564;0.700784954;0.761414939
0.857614303;0.833982168;0.794199799;0.756641837;0.751217264;0.703273808;0.673660394;0.703831106;0.702039892;0.672552879;0.6814437;0.693474881;0.681795355;0.646215299;0.654401243;0.714007311;0.767813384;0.857614303;0.833982168;0.794199799;0.756641837;0.751217264;0.703273808;0.673660394;0.703831106;0.702039892;0.672552879;0.6814437;0.693474881;0.681795355;0.646215299;0.654401243;0.714007311;0.767813384
0.859046047;0.835410219;0.797761233;0.760194146;0.754760741;0.706807847;0.677187411;0.707350262;0.705550091;0.676055758;0.684938284;0.69695968;0.685273902;0.649670995;0.661217923;0.727229669;0.780610274;0.859046047;0.835410219;0.797761233;0.760194146;0.754760741;0.706807847;0.677187411;0.707350262;0.705550091;0.676055758;0.684938284;0.69695968;0.685273902;0.649670995;0.661217923;0.727229669;0.780610274
0.86047779;0.836838271;0.801322667;0.763746455;0.758304219;0.710341886;0.680714429;0.710869417;0.709060291;0.679558638;0.688432867;0.700444478;0.68875245;0.653126692;0.668034602;0.740452027;0.793407164;0.86047779;0.836838271;0.801322667;0.763746455;0.758304219;0.710341886;0.680714429;0.710869417;0.709060291;0.679558638;0.688432867;0.700444478;0.68875245;0.653126692;0.668034602;0.740452027;0.793407164
0.861909534;0.838266323;0.804884101;0.767298764;0.761847697;0.713875926;0.684241447;0.714388573;0.71257049;0.683061517;0.69192745;0.703929276;0.692230998;0.656582389;0.674851282;0.753674384;0.806204054;0.861909534;0.838266323;0.804884101;0.767298764;0.761847697;0.713875926;0.684241447;0.714388573;0.71257049;0.683061517;0.69192745;0.703929276;0.692230998;0.656582389;0.674851282;0.753674384;0.806204054
0.862625405;0.838980349;0.808445535;0.770851073;0.765391174;0.717409965;0.687768465;0.717907729;0.716080689;0.686564397;0.695422033;0.707414075;0.695709545;0.660038086;0.681667962;0.766896742;0.819000943;0.862625405;0.838980349;0.808445535;0.770851073;0.765391174;0.717409965;0.687768465;0.717907729;0.716080689;0.686564397;0.695422033;0.707414075;0.695709545;0.660038086;0.681667962;0.766896742;0.819000943
0.863341277;0.839694374;0.812006969;0.774403382;0.768934652;0.720944004;0.691295483;0.721426884;0.719590889;0.690067276;0.698916616;0.710898873;0.699188093;0.663493783;0.688484641;0.7801191;0.831797833;0.863341277;0.839694374;0.812006969;0.774403382;0.768934652;0.720944004;0.691295483;0.721426884;0.719590889;0.690067276;0.698916616;0.710898873;0.699188093;0.663493783;0.688484641;0.7801191;0.831797833
0.86477302;0.841122426;0.815568403;0.777955691;0.77247813;0.724478043;0.6948225;0.72494604;0.723101088;0.693570156;0.702411199;0.714383672;0.702666641;0.666949479;0.695301321;0.793341457;0.844594723;0.86477302;0.841122426;0.815568403;0.777955691;0.77247813;0.724478043;0.6948225;0.72494604;0.723101088;0.693570156;0.702411199;0.714383672;0.702666641;0.666949479;0.695301321;0.793341457;0.844594723
0.866204764;0.842550478;0.819129837;0.781508001;0.776021607;0.728012083;0.698349518;0.728465195;0.726611288;0.697073036;0.705905782;0.71786847;0.706145189;0.670405176;0.702118001;0.806563815;0.857391612;0.866204764;0.842550478;0.819129837;0.781508001;0.776021607;0.728012083;0.698349518;0.728465195;0.726611288;0.697073036;0.705905782;0.71786847;0.706145189;0.670405176;0.702118001;0.806563815;0.857391612
0.867636507;0.843978529;0.822691271;0.78506031;0.779565085;0.731546122;0.701876536;0.731984351;0.730121487;0.700575915;0.709400365;0.721353268;0.709623736;0.673860873;0.70893468;0.819786172;0.870188502;0.867636507;0.843978529;0.822691271;0.78506031;0.779565085;0.731546122;0.701876536;0.731984351;0.730121487;0.700575915;0.709400365;0.721353268;0.709623736;0.673860873;0.70893468;0.819786172;0.870188502
0.869068251;0.845406581;0.824828132;0.788612619;0.783108563;0.735080161;0.705403554;0.735503506;0.733631687;0.704078795;0.712894948;0.724838067;0.713102284;0.67731657;0.71575136;0.83300853;0.882985392;0.869068251;0.845406581;0.824828132;0.788612619;0.783108563;0.735080161;0.705403554;0.735503506;0.733631687;0.704078795;0.712894948;0.724838067;0.713102284;0.67731657;0.71575136;0.83300853;0.882985392
0.869784122;0.846120607;0.826252705;0.792164928;0.78665204;0.7386142;0.708930571;0.739022662;0.737141886;0.707581674;0.716389531;0.728322865;0.716580832;0.680772266;0.722568039;0.846230888;0.895782282;0.869784122;0.846120607;0.826252705;0.792164928;0.78665204;0.7386142;0.708930571;0.739022662;0.737141886;0.707581674;0.716389531;0.728322865;0.716580832;0.680772266;0.722568039;0.846230888;0.895782282
0.870499994;0.846834633;0.827677279;0.795717237;0.790195518;0.74214824;0.712457589;0.742541817;0.740652086;0.711084554;0.719884114;0.731807664;0.72005938;0.684227963;0.729384719;0.859453245;0.921376061;0.870499994;0.846834633;0.827677279;0.795717237;0.790195518;0.74214824;0.712457589;0.742541817;0.740652086;0.711084554;0.719884114;0.731807664;0.72005938;0.684227963;0.729384719;0.859453245;0.921376061
0.871931737;0.848262684;0.829101853;0.799269546;0.793738996;0.745682279;0.715984607;0.746060973;0.744162285;0.714587433;0.723378697;0.735292462;0.723537927;0.68768366;0.736201399;0.872675603;0.934172951;0.871931737;0.848262684;0.829101853;0.799269546;0.793738996;0.745682279;0.715984607;0.746060973;0.744162285;0.714587433;0.723378697;0.735292462;0.723537927;0.68768366;0.736201399;0.872675603;0.934172951
0.873363481;0.849690736;0.829814139;0.802821855;0.797282473;0.749216318;0.719511625;0.749580128;0.747672485;0.718090313;0.72687328;0.73877726;0.727016475;0.691139357;0.743018078;0.885897961;0.946969841;0.873363481;0.849690736;0.829814139;0.802821855;0.797282473;0.749216318;0.719511625;0.749580128;0.747672485;0.718090313;0.72687328;0.73877726;0.727016475;0.691139357;0.743018078;0.885897961;0.946969841
0.874795224;0.851118788;0.830526426;0.806374164;0.800825951;0.752750357;0.723038642;0.753099284;0.751182684;0.721593193;0.730367864;0.742262059;0.730495023;0.694595054;0.749834758;0.899120318;0.95976673;0.874795224;0.851118788;0.830526426;0.806374164;0.800825951;0.752750357;0.723038642;0.753099284;0.751182684;0.721593193;0.730367864;0.742262059;0.730495023;0.694595054;0.749834758;0.899120318;0.95976673
0.876226968;0.852546839;0.831951;0.809926473;0.804369429;0.756284397;0.72656566;0.756618439;0.754692884;0.725096072;0.733862447;0.745746857;0.73397357;0.69805075;0.756651437;0.912342676;0.97256362;0.876226968;0.852546839;0.831951;0.809926473;0.804369429;0.756284397;0.72656566;0.756618439;0.754692884;0.725096072;0.733862447;0.745746857;0.73397357;0.69805075;0.756651437;0.912342676;0.97256362
0.876942839;0.853260865;0.833375573;0.813478782;0.807912906;0.759818436;0.730092678;0.760137595;0.758203083;0.728598952;0.73735703;0.749231656;0.737452118;0.701506447;0.763468117;0.925565033;0.98536051;0.876942839;0.853260865;0.833375573;0.813478782;0.807912906;0.759818436;0.730092678;0.760137595;0.758203083;0.728598952;0.73735703;0.749231656;0.737452118;0.701506447;0.763468117;0.925565033;0.98536051
0.877658711;0.853974891;0.834800147;0.817031092;0.811456384;0.763352475;0.733619696;0.76365675;0.761713282;0.732101831;0.740851613;0.752716454;0.740930666;0.704962144;0.770284797;0.938787391;0.9981574;0.877658711;0.853974891;0.834800147;0.817031092;0.811456384;0.763352475;0.733619696;0.76365675;0.761713282;0.732101831;0.740851613;0.752716454;0.740930666;0.704962144;0.770284797;0.938787391;0.9981574
0.879090454;0.855402943;0.836224721;0.820583401;0.814999862;0.766886514;0.737146713;0.767175906;0.765223482;0.735604711;0.744346196;0.756201252;0.744409214;0.708417841;0.777101476;0.952009749;1.010954289;0.879090454;0.855402943;0.836224721;0.820583401;0.814999862;0.766886514;0.737146713;0.767175906;0.765223482;0.735604711;0.744346196;0.756201252;0.744409214;0.708417841;0.777101476;0.952009749;1.010954289
0.880522198;0.856830994;0.836937008;0.82413571;0.818543339;0.770420553;0.740673731;0.770695062;0.768733681;0.739107591;0.747840779;0.759686051;0.747887761;0.711873537;0.783918156;0.965232106;1.023751179;0.880522198;0.856830994;0.836937008;0.82413571;0.818543339;0.770420553;0.740673731;0.770695062;0.768733681;0.739107591;0.747840779;0.759686051;0.747887761;0.711873537;0.783918156;0.965232106;1.023751179
0.881953941;0.858259046;0.837649294;0.827688019;0.822086817;0.773954593;0.744200749;0.774214217;0.772243881;0.74261047;0.751335362;0.763170849;0.751366309;0.715329234;0.790734836;0.978454464;1.049344959;0.881953941;0.858259046;0.837649294;0.827688019;0.822086817;0.773954593;0.744200749;0.774214217;0.772243881;0.74261047;0.751335362;0.763170849;0.751366309;0.715329234;0.790734836;0.978454464;1.049344959
0.883385685;0.859687098;0.839073868;0.831240328;0.825630295;0.777488632;0.747727767;0.777733373;0.77575408;0.74611335;0.754829945;0.766655648;0.754844857;0.718784931;0.797551515;0.991676821;1.074938738;0.883385685;0.859687098;0.839073868;0.831240328;0.825630295;0.777488632;0.747727767;0.777733373;0.77575408;0.74611335;0.754829945;0.766655648;0.754844857;0.718784931;0.797551515;0.991676821;1.074938738
0.884101556;0.860401123;0.840498442;0.834792637;0.829173772;0.781022671;0.751254785;0.781252528;0.77926428;0.749616229;0.758324528;0.770140446;0.758323405;0.722240628;0.804368195;1.004899179;1.100532517;0.884101556;0.860401123;0.840498442;0.834792637;0.829173772;0.781022671;0.751254785;0.781252528;0.77926428;0.749616229;0.758324528;0.770140446;0.758323405;0.722240628;0.804368195;1.004899179;1.100532517
0.884817428;0.861115149;0.841923015;0.838344946;0.83271725;0.78455671;0.754781802;0.784771684;0.782774479;0.753119109;0.761819111;0.773625244;0.761801952;0.725696325;0.811184874;1.018121537;1.126126297;0.884817428;0.861115149;0.841923015;0.838344946;0.83271725;0.78455671;0.754781802;0.784771684;0.782774479;0.753119109;0.761819111;0.773625244;0.761801952;0.725696325;0.811184874;1.018121537;1.126126297
0.886249172;0.862543201;0.843347589;0.841897255;0.836260728;0.78809075;0.75830882;0.788290839;0.786284679;0.756621988;0.765313694;0.777110043;0.7652805;0.729152021;0.818001554;1.031343894;1.151720076;0.886249172;0.862543201;0.843347589;0.841897255;0.836260728;0.78809075;0.75830882;0.788290839;0.786284679;0.756621988;0.765313694;0.777110043;0.7652805;0.729152021;0.818001554;1.031343894;1.151720076
0.887680915;0.863971253;0.844059876;0.845449564;0.839804205;0.791624789;0.761835838;0.791809995;0.789794878;0.760124868;0.768808277;0.780594841;0.768759048;0.732607718;0.824818234;1.044566252;1.177313856;0.887680915;0.863971253;0.844059876;0.845449564;0.839804205;0.791624789;0.761835838;0.791809995;0.789794878;0.760124868;0.768808277;0.780594841;0.768759048;0.732607718;0.824818234;1.044566252;1.177313856
0.889112658;0.865399304;0.844772162;0.849001873;0.843347683;0.795158828;0.765362856;0.79532915;0.793305078;0.763627748;0.77230286;0.78407964;0.772237595;0.736063415;0.831634913;1.05778861;1.202907635;0.889112658;0.865399304;0.844772162;0.849001873;0.843347683;0.795158828;0.765362856;0.79532915;0.793305078;0.763627748;0.77230286;0.78407964;0.772237595;0.736063415;0.831634913;1.05778861;1.202907635
0.890544402;0.866827356;0.846196736;0.852554182;0.846891161;0.798692867;0.768889873;0.798848306;0.796815277;0.767130627;0.775797444;0.787564438;0.775716143;0.739519112;0.838451593;1.084233325;1.215704525;0.890544402;0.866827356;0.846196736;0.852554182;0.846891161;0.798692867;0.768889873;0.798848306;0.796815277;0.767130627;0.775797444;0.787564438;0.775716143;0.739519112;0.838451593;1.084233325;1.215704525
0.891260273;0.867541382;0.84762131;0.85539603;0.850434638;0.802226907;0.772416891;0.802367461;0.800325476;0.770633507;0.779292027;0.791049236;0.779194691;0.742974809;0.845268273;1.11067804;1.22210297;0.891260273;0.867541382;0.84762131;0.85539603;0.850434638;0.802226907;0.772416891;0.802367461;0.800325476;0.770633507;0.779292027;0.791049236;0.779194691;0.742974809;0.845268273;1.11067804;1.22210297
0.891976145;0.868255407;0.849045883;0.856106492;0.853978116;0.805760946;0.775943909;0.805886617;0.803835676;0.774136386;0.78278661;0.794534035;0.782673239;0.746430505;0.852084952;1.137122755;1.228501415;0.891976145;0.868255407;0.849045883;0.856106492;0.853978116;0.805760946;0.775943909;0.805886617;0.803835676;0.774136386;0.78278661;0.794534035;0.782673239;0.746430505;0.852084952;1.137122755;1.228501415
0.893407889;0.869683459;0.850470457;0.856816953;0.857521594;0.809294985;0.779470927;0.809405772;0.807345875;0.777639266;0.786281193;0.798018833;0.786151786;0.749886202;0.858901632;1.163567471;1.254095194;0.893407889;0.869683459;0.850470457;0.856816953;0.857521594;0.809294985;0.779470927;0.809405772;0.807345875;0.777639266;0.786281193;0.798018833;0.786151786;0.749886202;0.858901632;1.163567471;1.254095194
0.894839632;0.871111511;0.851182744;0.858237877;0.861065071;0.812829024;0.782997944;0.812924928;0.810856075;0.781142145;0.789775776;0.801503632;0.789630334;0.753341899;0.865718311;1.190012186;1.279688974;0.894839632;0.871111511;0.851182744;0.858237877;0.861065071;0.812829024;0.782997944;0.812924928;0.810856075;0.781142145;0.789775776;0.801503632;0.789630334;0.753341899;0.865718311;1.190012186;1.279688974
0.896271375;0.872539562;0.851895031;0.859658801;0.864608549;0.816363064;0.786524962;0.816444083;0.814366274;0.784645025;0.793270359;0.80498843;0.793108882;0.756797596;0.872534991;1.216456901;1.305282753;0.896271375;0.872539562;0.851895031;0.859658801;0.864608549;0.816363064;0.786524962;0.816444083;0.814366274;0.784645025;0.793270359;0.80498843;0.793108882;0.756797596;0.872534991;1.216456901;1.305282753
0.896987247;0.873967614;0.853319604;0.861079724;0.867443331;0.819897103;0.79005198;0.819963239;0.817876474;0.788147905;0.796764942;0.808473228;0.79658743;0.760253292;0.879351671;1.242901616;1.330876533;0.896987247;0.873967614;0.853319604;0.861079724;0.867443331;0.819897103;0.79005198;0.819963239;0.817876474;0.788147905;0.796764942;0.808473228;0.79658743;0.760253292;0.879351671;1.242901616;1.330876533
0.897703119;0.87468164;0.854744178;0.862500648;0.868152026;0.823431142;0.793578998;0.823482394;0.821386673;0.791650784;0.800259525;0.811958027;0.800065977;0.763708989;0.88616835;1.256123974;1.382064092;0.897703119;0.87468164;0.854744178;0.862500648;0.868152026;0.823431142;0.793578998;0.823482394;0.821386673;0.791650784;0.800259525;0.811958027;0.800065977;0.763708989;0.88616835;1.256123974;1.382064092
0.898418991;0.875395666;0.856168752;0.86321111;0.868860722;0.826965181;0.797106016;0.82700155;0.824896873;0.795153664;0.803754108;0.815442825;0.803544525;0.767164686;0.89298503;1.262735153;;0.898418991;0.875395666;0.856168752;0.86321111;0.868860722;0.826965181;0.797106016;0.82700155;0.824896873;0.795153664;0.803754108;0.815442825;0.803544525;0.767164686;0.89298503;1.262735153;
0.899134862;0.876823717;0.857593325;0.863921572;0.870278113;0.83049922;0.800633033;0.830520706;0.828407072;0.798656543;0.807248691;0.818927624;0.807023073;0.770620383;0.899801709;1.269346331;;0.899134862;0.876823717;0.857593325;0.863921572;0.870278113;0.83049922;0.800633033;0.830520706;0.828407072;0.798656543;0.807248691;0.818927624;0.807023073;0.770620383;0.899801709;1.269346331;
0.899850734;0.878251769;0.858305612;0.865342495;0.871695504;0.83403326;0.804160051;0.834039861;0.831917272;0.802159423;0.810743274;0.822412422;0.81050162;0.77407608;0.906618389;1.295791047;;0.899850734;0.878251769;0.858305612;0.865342495;0.871695504;0.83403326;0.804160051;0.834039861;0.831917272;0.802159423;0.810743274;0.822412422;0.81050162;0.77407608;0.906618389;1.295791047;
0.900566606;0.879679821;0.859017899;0.866763419;0.873112895;0.837567299;0.807687069;0.837559017;0.835427471;0.805662302;0.814237857;0.82589722;0.813980168;0.777531776;0.913435069;1.322235762;;0.900566606;0.879679821;0.859017899;0.866763419;0.873112895;0.837567299;0.807687069;0.837559017;0.835427471;0.805662302;0.814237857;0.82589722;0.813980168;0.777531776;0.913435069;1.322235762;
0.901282477;0.881107872;0.860442472;0.868184342;0.874530286;0.841101338;0.811214087;0.841078172;0.83893767;0.809165182;0.817732441;0.829382019;0.817458716;0.780987473;0.920251748;1.348680477;;0.901282477;0.881107872;0.860442472;0.868184342;0.874530286;0.841101338;0.811214087;0.841078172;0.83893767;0.809165182;0.817732441;0.829382019;0.817458716;0.780987473;0.920251748;1.348680477;
0.901998349;0.881821898;0.861867046;0.869605266;0.875238982;0.844635377;0.814741104;0.844597328;0.84244787;0.812668062;0.821227024;0.832866817;0.820937264;0.78444317;0.927068428;1.375125192;;0.901998349;0.881821898;0.861867046;0.869605266;0.875238982;0.844635377;0.814741104;0.844597328;0.84244787;0.812668062;0.821227024;0.832866817;0.820937264;0.78444317;0.927068428;1.375125192;
0.902714221;0.882535924;0.86329162;0.870315728;0.875947677;0.848169417;0.818268122;0.848116483;0.845958069;0.816170941;0.824721607;0.836351616;0.824415811;0.787898867;0.933885108;1.401569908;;0.902714221;0.882535924;0.86329162;0.870315728;0.875947677;0.848169417;0.818268122;0.848116483;0.845958069;0.816170941;0.824721607;0.836351616;0.824415811;0.787898867;0.933885108;1.401569908;
0.903430092;0.883963976;0.864716193;0.87102619;0.877365068;0.851703456;0.82179514;0.851635639;0.849468269;0.819673821;0.82821619;0.839836414;0.827894359;0.791354564;0.940701787;1.428014623;;0.903430092;0.883963976;0.864716193;0.87102619;0.877365068;0.851703456;0.82179514;0.851635639;0.849468269;0.819673821;0.82821619;0.839836414;0.827894359;0.791354564;0.940701787;1.428014623;
0.904145964;0.885392027;0.86542848;0.872447113;0.878782459;0.855237495;0.825322158;0.855154794;0.852978468;0.8231767;0.831710773;0.843321212;0.831372907;0.79481026;0.947518467;1.454459338;;0.904145964;0.885392027;0.86542848;0.872447113;0.878782459;0.855237495;0.825322158;0.855154794;0.852978468;0.8231767;0.831710773;0.843321212;0.831372907;0.79481026;0.947518467;1.454459338;
0.904861836;0.886820079;0.866140767;0.873868037;0.880199851;0.858771534;0.828849175;0.85867395;0.856488668;0.82667958;0.835205356;0.846806011;0.834851454;0.798265957;0.954335146;1.480904053;;0.904861836;0.886820079;0.866140767;0.873868037;0.880199851;0.858771534;0.828849175;0.85867395;0.856488668;0.82667958;0.835205356;0.846806011;0.834851454;0.798265957;0.954335146;1.480904053;
0.905577708;0.888248131;0.867565341;0.875288961;0.881617242;0.862305574;0.832376193;0.862193105;0.859998867;0.830182459;0.838699939;0.850290809;0.838330002;0.801721654;0.961151826;1.507348769;;0.905577708;0.888248131;0.867565341;0.875288961;0.881617242;0.862305574;0.832376193;0.862193105;0.859998867;0.830182459;0.838699939;0.850290809;0.838330002;0.801721654;0.961151826;1.507348769;
0.906293579;0.888962156;0.868989914;0.876709884;0.882325937;0.865839613;0.835903211;0.865712261;0.863509067;0.833685339;0.842194522;0.853775608;0.84180855;0.805177351;0.967968506;1.586682914;;0.906293579;0.888962156;0.868989914;0.876709884;0.882325937;0.865839613;0.835903211;0.865712261;0.863509067;0.833685339;0.842194522;0.853775608;0.84180855;0.805177351;0.967968506;1.586682914;
0.907009451;0.889676182;0.870414488;0.877420346;0.883034633;0.869373652;0.839430229;0.869231416;0.867019266;0.837188219;0.845689105;0.857260406;0.845287098;0.808633047;0.974785185;;;0.907009451;0.889676182;0.870414488;0.877420346;0.883034633;0.869373652;0.839430229;0.869231416;0.867019266;0.837188219;0.845689105;0.857260406;0.845287098;0.808633047;0.974785185;;
0.907725323;0.891104234;0.871839061;0.878130808;0.884452024;0.872907691;0.842957247;0.872750572;0.870529466;0.840691098;0.849183688;0.860745204;0.848765645;0.812088744;0.981601865;;;0.907725323;0.891104234;0.871839061;0.878130808;0.884452024;0.872907691;0.842957247;0.872750572;0.870529466;0.840691098;0.849183688;0.860745204;0.848765645;0.812088744;0.981601865;;
0.908441194;0.892532286;0.872551348;0.879551732;0.885869415;0.876441731;0.846484264;0.876269727;0.874039665;0.844193978;0.852678271;0.864230003;0.852244193;0.815544441;0.988418544;;;0.908441194;0.892532286;0.872551348;0.879551732;0.885869415;0.876441731;0.846484264;0.876269727;0.874039665;0.844193978;0.852678271;0.864230003;0.852244193;0.815544441;0.988418544;;
0.909157066;0.893960337;0.873263635;0.880972655;0.887286806;0.87997577;0.850011282;0.879788883;0.877549865;0.847696857;0.856172854;0.867714801;0.855722741;0.819000138;0.995235224;;;0.909157066;0.893960337;0.873263635;0.880972655;0.887286806;0.87997577;0.850011282;0.879788883;0.877549865;0.847696857;0.856172854;0.867714801;0.855722741;0.819000138;0.995235224;;
0.909872938;0.895388389;0.874688209;0.882393579;0.888704197;0.883509809;0.8535383;0.883308039;0.881060064;0.851199737;0.859667437;0.8711996;0.859201289;0.822455835;1.002051904;;;0.909872938;0.895388389;0.874688209;0.882393579;0.888704197;0.883509809;0.8535383;0.883308039;0.881060064;0.851199737;0.859667437;0.8711996;0.859201289;0.822455835;1.002051904;;
0.91058881;0.896102415;0.876112782;0.883814502;0.889412892;0.887043848;0.857065318;0.886827194;0.884570263;0.854702617;0.863162021;0.874684398;0.862679836;0.825911531;1.008868583;;;0.91058881;0.896102415;0.876112782;0.883814502;0.889412892;0.887043848;0.857065318;0.886827194;0.884570263;0.854702617;0.863162021;0.874684398;0.862679836;0.825911531;1.008868583;;
0.911304681;0.896816441;0.877537356;0.884524964;0.890121588;0.890577887;0.860592335;0.89034635;0.888080463;0.858205496;0.866656604;0.878169196;0.866158384;0.829367228;1.015685263;;;0.911304681;0.896816441;0.877537356;0.884524964;0.890121588;0.890577887;0.860592335;0.89034635;0.888080463;0.858205496;0.866656604;0.878169196;0.866158384;0.829367228;1.015685263;;
0.912020553;0.898244492;0.87896193;0.885235426;0.891538979;0.894111927;0.864119353;0.893865505;0.891590662;0.861708376;0.870151187;0.881653995;0.869636932;0.832822925;1.022501943;;;0.912020553;0.898244492;0.87896193;0.885235426;0.891538979;0.894111927;0.864119353;0.893865505;0.891590662;0.861708376;0.870151187;0.881653995;0.869636932;0.832822925;1.022501943;;
0.912736425;0.899672544;0.879674216;0.88665635;0.89295637;0.897645966;0.867646371;0.897384661;0.895100862;0.865211255;0.87364577;0.885138793;0.873115479;0.836278622;1.029318622;;;0.912736425;0.899672544;0.879674216;0.88665635;0.89295637;0.897645966;0.867646371;0.897384661;0.895100862;0.865211255;0.87364577;0.885138793;0.873115479;0.836278622;1.029318622;;
0.913452296;0.901100596;0.880386503;0.888077273;0.894373761;0.901180005;0.871173389;0.900903816;0.898611061;0.868714135;0.877140353;0.888623592;0.876594027;0.839734318;1.036135302;;;0.913452296;0.901100596;0.880386503;0.888077273;0.894373761;0.901180005;0.871173389;0.900903816;0.898611061;0.868714135;0.877140353;0.888623592;0.876594027;0.839734318;1.036135302;;
0.914168168;0.902528647;0.881811077;0.889498197;0.895791152;0.904714044;0.874700406;0.904422972;0.902121261;0.872217014;0.880634936;0.89210839;0.880072575;0.843190015;1.042951981;;;0.914168168;0.902528647;0.881811077;0.889498197;0.895791152;0.904714044;0.874700406;0.904422972;0.902121261;0.872217014;0.880634936;0.89210839;0.880072575;0.843190015;1.042951981;;
0.91488404;0.903242673;0.883235651;0.890919121;0.896499848;0.908248084;0.878227424;0.907942127;0.90563146;0.875719894;0.884129519;0.895593188;0.883551123;0.846645712;1.049768661;;;0.91488404;0.903242673;0.883235651;0.890919121;0.896499848;0.908248084;0.878227424;0.907942127;0.90563146;0.875719894;0.884129519;0.895593188;0.883551123;0.846645712;1.049768661;;
0.915599911;0.903956699;0.884660224;0.891629582;0.897208543;0.911782123;0.881754442;0.911461283;0.90914166;0.879222774;0.887624102;0.899077987;0.88702967;0.850101409;1.056585341;;;0.915599911;0.903956699;0.884660224;0.891629582;0.897208543;0.911782123;0.881754442;0.911461283;0.90914166;0.879222774;0.887624102;0.899077987;0.88702967;0.850101409;1.056585341;;
0.916315783;0.905384751;0.886084798;0.892340044;0.898625934;0.915316162;0.88528146;0.914980438;0.912651859;0.882725653;0.891118685;0.902562785;0.890508218;0.853557106;1.06340202;;;0.916315783;0.905384751;0.886084798;0.892340044;0.898625934;0.915316162;0.88528146;0.914980438;0.912651859;0.882725653;0.891118685;0.902562785;0.890508218;0.853557106;1.06340202;;
0.917031655;0.906812802;0.886797085;0.893760968;0.900043325;0.918850201;0.888808478;0.918499594;0.916162059;0.886228533;0.894613268;0.906047584;0.893986766;0.857012802;1.0702187;;;0.917031655;0.906812802;0.886797085;0.893760968;0.900043325;0.918850201;0.888808478;0.918499594;0.916162059;0.886228533;0.894613268;0.906047584;0.893986766;0.857012802;1.0702187;;
0.917747527;0.908240854;0.887509371;0.895181892;0.901460716;0.922384241;0.892335495;0.922018749;0.919672258;0.889731412;0.898107851;0.909532382;0.897465314;0.860468499;1.077035379;;;0.917747527;0.908240854;0.887509371;0.895181892;0.901460716;0.922384241;0.892335495;0.922018749;0.919672258;0.889731412;0.898107851;0.909532382;0.897465314;0.860468499;1.077035379;;
0.918463398;0.909668906;0.888933945;0.896602815;0.902878108;0.92591828;0.895862513;0.925537905;0.923182457;0.893234292;0.901602434;0.91301718;0.900943861;0.863924196;1.083852059;;;0.918463398;0.909668906;0.888933945;0.896602815;0.902878108;0.92591828;0.895862513;0.925537905;0.923182457;0.893234292;0.901602434;0.91301718;0.900943861;0.863924196;1.083852059;;
0.91917927;0.910382931;0.890358519;0.898023739;0.903586803;0.929452319;0.899389531;0.92905706;0.926692657;0.896737171;0.905097017;0.916501979;0.904422409;0.867379893;1.090668739;;;0.91917927;0.910382931;0.890358519;0.898023739;0.903586803;0.929452319;0.899389531;0.92905706;0.926692657;0.896737171;0.905097017;0.916501979;0.904422409;0.867379893;1.090668739;;
0.919895142;0.911096957;0.891783092;0.898734201;0.904295499;0.932986358;0.902916549;0.932576216;0.930202856;0.900240051;0.908591601;0.919986777;0.907900957;0.87083559;1.097485418;;;0.919895142;0.911096957;0.891783092;0.898734201;0.904295499;0.932986358;0.902916549;0.932576216;0.930202856;0.900240051;0.908591601;0.919986777;0.907900957;0.87083559;1.097485418;;
0.920611013;0.912525009;0.893207666;0.899444662;0.90571289;0.936520398;0.906443566;0.936095372;0.933713056;0.903742931;0.912086184;0.923471576;0.911379504;0.874291286;1.104302098;;;0.920611013;0.912525009;0.893207666;0.899444662;0.90571289;0.936520398;0.906443566;0.936095372;0.933713056;0.903742931;0.912086184;0.923471576;0.911379504;0.874291286;1.104302098;;
0.921326885;0.913239035;0.893919953;0.900865586;0.907130281;0.940054437;0.909970584;0.939614527;0.937223255;0.90724581;0.915580767;0.926956374;0.914858052;0.877746983;1.111118778;;;0.921326885;0.913239035;0.893919953;0.900865586;0.907130281;0.940054437;0.909970584;0.939614527;0.937223255;0.90724581;0.915580767;0.926956374;0.914858052;0.877746983;1.111118778;;
0.922042757;0.91395306;0.89463224;0.90228651;0.908547672;0.943588476;0.913497602;0.943133683;0.940733455;0.91074869;0.91907535;0.930441172;0.9183366;0.88120268;1.117935457;;;0.922042757;0.91395306;0.89463224;0.90228651;0.908547672;0.943588476;0.913497602;0.943133683;0.940733455;0.91074869;0.91907535;0.930441172;0.9183366;0.88120268;1.117935457;;
0.922758629;0.914667086;0.896056813;0.903707433;0.909965063;0.947122515;0.91702462;0.946652838;0.944243654;0.914251569;0.922569933;0.933925971;0.921815148;0.884658377;1.131568816;;;0.922758629;0.914667086;0.896056813;0.903707433;0.909965063;0.947122515;0.91702462;0.946652838;0.944243654;0.914251569;0.922569933;0.933925971;0.921815148;0.884658377;1.131568816;;
0.9234745;0.915381112;0.897481387;0.905128357;0.910673758;0.950656554;0.920551637;0.950171994;0.947753854;0.917754449;0.926064516;0.937410769;0.925293695;0.888114073;1.145202176;;;0.9234745;0.915381112;0.897481387;0.905128357;0.910673758;0.950656554;0.920551637;0.950171994;0.947753854;0.917754449;0.926064516;0.937410769;0.925293695;0.888114073;1.145202176;;
0.924190372;0.916095138;0.89890596;0.905838819;0.911382454;0.954190594;0.924078655;0.953691149;0.951264053;0.921257328;0.929559099;0.940895568;0.928772243;0.89156977;1.158835535;;;0.924190372;0.916095138;0.89890596;0.905838819;0.911382454;0.954190594;0.924078655;0.953691149;0.951264053;0.921257328;0.929559099;0.940895568;0.928772243;0.89156977;1.158835535;;
0.924906244;0.916809164;0.900330534;0.906549281;0.912799845;0.957724633;0.927605673;0.957210305;0.954774253;0.924760208;0.933053682;0.944380366;0.932250791;0.895025467;1.172468894;;;0.924906244;0.916809164;0.900330534;0.906549281;0.912799845;0.957724633;0.927605673;0.957210305;0.954774253;0.924760208;0.933053682;0.944380366;0.932250791;0.895025467;1.172468894;;
0.925622115;0.91752319;0.901042821;0.907970204;0.914217236;0.961258672;0.931132691;0.96072946;0.958284452;0.928263088;0.936548265;0.947865164;0.935729339;0.898481164;1.186102253;;;0.925622115;0.91752319;0.901042821;0.907970204;0.914217236;0.961258672;0.931132691;0.96072946;0.958284452;0.928263088;0.936548265;0.947865164;0.935729339;0.898481164;1.186102253;;
0.926337987;0.918237215;0.901755108;0.909391128;0.915634627;0.964792711;0.934659708;0.964248616;0.961794652;0.931765967;0.940042848;0.951349963;0.939207886;0.901936861;1.199735613;;;0.926337987;0.918237215;0.901755108;0.909391128;0.915634627;0.964792711;0.934659708;0.964248616;0.961794652;0.931765967;0.940042848;0.951349963;0.939207886;0.901936861;1.199735613;;
0.927053859;0.918951241;0.903179681;0.910812052;0.917052018;0.968326751;0.938186726;0.967767771;0.965304851;0.935268847;0.943537431;0.954834761;0.942686434;0.905392557;1.213368972;;;0.927053859;0.918951241;0.903179681;0.910812052;0.917052018;0.968326751;0.938186726;0.967767771;0.965304851;0.935268847;0.943537431;0.954834761;0.942686434;0.905392557;1.213368972;;
0.92776973;0.919665267;0.904604255;0.912232975;0.917760714;0.97186079;0.941713744;0.971286927;0.96881505;0.938771726;0.947032014;0.95831956;0.946164982;0.908848254;1.227002331;;;0.92776973;0.919665267;0.904604255;0.912232975;0.917760714;0.97186079;0.941713744;0.971286927;0.96881505;0.938771726;0.947032014;0.95831956;0.946164982;0.908848254;1.227002331;;
0.928485602;0.920379293;0.906028829;0.912943437;0.918469409;0.975394829;0.945240762;0.974806082;0.97232525;0.942274606;0.950526598;0.961804358;0.949643529;0.912303951;1.25426905;;;0.928485602;0.920379293;0.906028829;0.912943437;0.918469409;0.975394829;0.945240762;0.974806082;0.97232525;0.942274606;0.950526598;0.961804358;0.949643529;0.912303951;1.25426905;;
0.929201474;0.921093319;0.907453402;0.913653899;0.9198868;0.978928868;0.94876778;0.978325238;0.975835449;0.945777485;0.954021181;0.965289156;0.953122077;0.915759648;1.281535768;;;0.929201474;0.921093319;0.907453402;0.913653899;0.9198868;0.978928868;0.94876778;0.978325238;0.975835449;0.945777485;0.954021181;0.965289156;0.953122077;0.915759648;1.281535768;;
0.929917346;0.921807345;0.908165689;0.915074822;0.921304191;0.982462908;0.952294797;0.981844393;0.979345649;0.949280365;0.957515764;0.968773955;0.956600625;0.919215345;1.295169127;;;0.929917346;0.921807345;0.908165689;0.915074822;0.921304191;0.982462908;0.952294797;0.981844393;0.979345649;0.949280365;0.957515764;0.968773955;0.956600625;0.919215345;1.295169127;;
0.930633217;0.92252137;0.908877976;0.916495746;0.922721582;0.985996947;0.955821815;0.985363549;0.982855848;0.952783245;0.961010347;0.972258753;0.960079173;0.922671041;1.301985807;;;0.930633217;0.92252137;0.908877976;0.916495746;0.922721582;0.985996947;0.955821815;0.985363549;0.982855848;0.952783245;0.961010347;0.972258753;0.960079173;0.922671041;1.301985807;;
0.931349089;0.923235396;0.910302549;0.91791667;0.924138973;0.989530986;0.959348833;0.988882704;0.986366048;0.956286124;0.96450493;0.975743552;0.96355772;0.926126738;1.308802486;;;0.931349089;0.923235396;0.910302549;0.91791667;0.924138973;0.989530986;0.959348833;0.988882704;0.986366048;0.956286124;0.96450493;0.975743552;0.96355772;0.926126738;1.308802486;;
0.932064961;0.923949422;0.911727123;0.919337593;0.924847669;0.993065025;0.962875851;0.99240186;0.989876247;0.959789004;0.967999513;0.97922835;0.967036268;0.929582435;1.336069205;;;0.932064961;0.923949422;0.911727123;0.919337593;0.924847669;0.993065025;0.962875851;0.99240186;0.989876247;0.959789004;0.967999513;0.97922835;0.967036268;0.929582435;1.336069205;;
0.932780832;0.924663448;0.913151697;0.920048055;0.925556365;0.996599065;0.966402868;0.995921016;0.993386447;0.963291883;0.971494096;0.982713148;0.970514816;0.933038132;1.363335923;;;0.932780832;0.924663448;0.913151697;0.920048055;0.925556365;0.996599065;0.966402868;0.995921016;0.993386447;0.963291883;0.971494096;0.982713148;0.970514816;0.933038132;1.363335923;;
0.933496704;0.925377474;0.91457627;0.920758517;0.926973756;1.000133104;0.969929886;0.999440171;0.996896646;0.966794763;0.974988679;0.986197947;0.973993364;0.936493828;1.390602642;;;0.933496704;0.925377474;0.91457627;0.920758517;0.926973756;1.000133104;0.969929886;0.999440171;0.996896646;0.966794763;0.974988679;0.986197947;0.973993364;0.936493828;1.390602642;;
0.934212576;0.9260915;0.915288557;0.922179441;0.928391147;1.003667143;0.973456904;1.002959327;1.000406846;0.970297643;0.978483262;0.989682745;0.977471911;0.939949525;1.41786936;;;0.934212576;0.9260915;0.915288557;0.922179441;0.928391147;1.003667143;0.973456904;1.002959327;1.000406846;0.970297643;0.978483262;0.989682745;0.977471911;0.939949525;1.41786936;;
0.934928448;0.926805525;0.916000844;0.923600364;0.929808538;1.007201182;0.976983922;1.006478482;1.003917045;0.973800522;0.981977845;0.993167544;0.980950459;0.943405222;;;;0.934928448;0.926805525;0.916000844;0.923600364;0.929808538;1.007201182;0.976983922;1.006478482;1.003917045;0.973800522;0.981977845;0.993167544;0.980950459;0.943405222;;;
0.935644319;0.927519551;0.917425418;0.925021288;0.931225929;1.010735222;0.980510939;1.009997638;1.007427244;0.977303402;0.985472428;0.996652342;0.984429007;0.946860919;;;;0.935644319;0.927519551;0.917425418;0.925021288;0.931225929;1.010735222;0.980510939;1.009997638;1.007427244;0.977303402;0.985472428;0.996652342;0.984429007;0.946860919;;;
0.936360191;0.928233577;0.918849991;0.926442212;0.931934624;1.014269261;0.984037957;1.013516793;1.010937444;0.980806281;0.988967011;1.00013714;0.987907554;0.950316616;;;;0.936360191;0.928233577;0.918849991;0.926442212;0.931934624;1.014269261;0.984037957;1.013516793;1.010937444;0.980806281;0.988967011;1.00013714;0.987907554;0.950316616;;;
0.937076063;0.928947603;0.920274565;0.927152673;0.93264332;1.0178033;0.987564975;1.017035949;1.014447643;0.984309161;0.992461594;1.003621939;0.991386102;0.953772312;;;;0.937076063;0.928947603;0.920274565;0.927152673;0.93264332;1.0178033;0.987564975;1.017035949;1.014447643;0.984309161;0.992461594;1.003621939;0.991386102;0.953772312;;;
0.937791934;0.929661629;0.921699139;0.927863135;0.934060711;1.021337339;0.991091993;1.020555104;1.017957843;0.98781204;0.995956178;1.007106737;0.99486465;0.957228009;;;;0.937791934;0.929661629;0.921699139;0.927863135;0.934060711;1.021337339;0.991091993;1.020555104;1.017957843;0.98781204;0.995956178;1.007106737;0.99486465;0.957228009;;;
0.938507806;0.930375655;0.922411425;0.929284059;0.935478102;1.024871378;0.994619011;1.02407426;1.021468042;0.99131492;0.999450761;1.010591535;0.998343198;0.960683706;;;;0.938507806;0.930375655;0.922411425;0.929284059;0.935478102;1.024871378;0.994619011;1.02407426;1.021468042;0.99131492;0.999450761;1.010591535;0.998343198;0.960683706;;;
0.939223678;0.93108968;0.923123712;0.930704983;0.936895493;1.028405418;0.998146028;1.027593415;1.024978242;0.9948178;1.002945344;1.014076334;1.001821745;0.964139403;;;;0.939223678;0.93108968;0.923123712;0.930704983;0.936895493;1.028405418;0.998146028;1.027593415;1.024978242;0.9948178;1.002945344;1.014076334;1.001821745;0.964139403;;;
0.939939549;0.931803706;0.924548286;0.932125906;0.938312884;1.031939457;1.001673046;1.031112571;1.028488441;0.998320679;1.006439927;1.017561132;1.005300293;0.967595099;;;;0.939939549;0.931803706;0.924548286;0.932125906;0.938312884;1.031939457;1.001673046;1.031112571;1.028488441;0.998320679;1.006439927;1.017561132;1.005300293;0.967595099;;;
0.940655421;0.932517732;0.925972859;0.93354683;0.93902158;1.035473496;1.005200064;1.034631726;1.031998641;1.001823559;1.00993451;1.021045931;1.008778841;0.971050796;;;;0.940655421;0.932517732;0.925972859;0.93354683;0.93902158;1.035473496;1.005200064;1.034631726;1.031998641;1.001823559;1.00993451;1.021045931;1.008778841;0.971050796;;;
0.941371293;0.933231758;0.927397433;0.934257292;0.939730275;1.039007535;1.008727082;1.038150882;1.03550884;1.005326438;1.013429093;1.024530729;1.012257389;0.974506493;;;;0.941371293;0.933231758;0.927397433;0.934257292;0.939730275;1.039007535;1.008727082;1.038150882;1.03550884;1.005326438;1.013429093;1.024530729;1.012257389;0.974506493;;;
0.942087165;0.933945784;0.928822007;0.934967753;0.941147666;1.042541575;1.012254099;1.041670037;1.03901904;1.008829318;1.016923676;1.028015527;1.015735936;0.97796219;;;;0.942087165;0.933945784;0.928822007;0.934967753;0.941147666;1.042541575;1.012254099;1.041670037;1.03901904;1.008829318;1.016923676;1.028015527;1.015735936;0.97796219;;;
0.942803036;0.93465981;0.929534293;0.936388677;0.942565057;1.046075614;1.015781117;1.045189193;1.042529239;1.012332197;1.020418259;1.031500326;1.019214484;0.981417887;;;;0.942803036;0.93465981;0.929534293;0.936388677;0.942565057;1.046075614;1.015781117;1.045189193;1.042529239;1.012332197;1.020418259;1.031500326;1.019214484;0.981417887;;;
0.943518908;0.935373835;0.93024658;0.937809601;0.943982448;1.049609653;1.019308135;1.048708349;1.046039439;1.015835077;1.023912842;1.034985124;1.022693032;0.984873583;;;;0.943518908;0.935373835;0.93024658;0.937809601;0.943982448;1.049609653;1.019308135;1.048708349;1.046039439;1.015835077;1.023912842;1.034985124;1.022693032;0.984873583;;;
0.94423478;0.936087861;0.930958867;0.939230524;0.945399839;1.053143692;1.022835153;1.052227504;1.049549638;1.019337957;1.027407425;1.038469923;1.026171579;0.98832928;;;;0.94423478;0.936087861;0.930958867;0.939230524;0.945399839;1.053143692;1.022835153;1.052227504;1.049549638;1.019337957;1.027407425;1.038469923;1.026171579;0.98832928;;;
0.944950651;0.936801887;0.931671154;0.940651448;0.946108535;1.056677732;1.02636217;1.05574666;1.053059837;1.022840836;1.030902008;1.041954721;1.029650127;0.991784977;;;;0.944950651;0.936801887;0.931671154;0.940651448;0.946108535;1.056677732;1.02636217;1.05574666;1.053059837;1.022840836;1.030902008;1.041954721;1.029650127;0.991784977;;;
0.945666523;0.937515913;0.932383441;0.94136191;0.946817231;1.060211771;1.029889188;1.059265815;1.056570037;1.026343716;1.034396591;1.045439519;1.033128675;0.995240674;;;;0.945666523;0.937515913;0.932383441;0.94136191;0.946817231;1.060211771;1.029889188;1.059265815;1.056570037;1.026343716;1.034396591;1.045439519;1.033128675;0.995240674;;;
0.946382395;0.938229939;0.933095728;0.942072372;0.948234622;1.06374581;1.033416206;1.062784971;1.060080236;1.029846595;1.037891174;1.048924318;1.036607223;0.998696371;;;;0.946382395;0.938229939;0.933095728;0.942072372;0.948234622;1.06374581;1.033416206;1.062784971;1.060080236;1.029846595;1.037891174;1.048924318;1.036607223;0.998696371;;;
0.947098267;0.938943964;0.933808014;0.943493295;0.949652013;1.067279849;1.036943224;1.066304126;1.063590436;1.033349475;1.041385758;1.052409116;1.04008577;1.002152067;;;;0.947098267;0.938943964;0.933808014;0.943493295;0.949652013;1.067279849;1.036943224;1.066304126;1.063590436;1.033349475;1.041385758;1.052409116;1.04008577;1.002152067;;;
0.947814138;0.93965799;0.934520301;0.944914219;0.951069404;1.070813889;1.040470242;1.069823282;1.067100635;1.036852354;1.044880341;1.055893915;1.043564318;1.005607764;;;;0.947814138;0.93965799;0.934520301;0.944914219;0.951069404;1.070813889;1.040470242;1.069823282;1.067100635;1.036852354;1.044880341;1.055893915;1.043564318;1.005607764;;;
0.94853001;0.940372016;0.935232588;0.946335143;0.952486795;1.074347928;1.043997259;1.073342437;1.070610835;1.040355234;1.048374924;1.059378713;1.047042866;1.009063461;;;;0.94853001;0.940372016;0.935232588;0.946335143;0.952486795;1.074347928;1.043997259;1.073342437;1.070610835;1.040355234;1.048374924;1.059378713;1.047042866;1.009063461;;;
0.949245882;0.941086042;0.935944875;0.947756066;0.95319549;1.077881967;1.047524277;1.076861593;1.074121034;1.043858114;1.051869507;1.062863511;1.050521414;1.012519158;;;;0.949245882;0.941086042;0.935944875;0.947756066;0.95319549;1.077881967;1.047524277;1.076861593;1.074121034;1.043858114;1.051869507;1.062863511;1.050521414;1.012519158;;;
0.949961753;0.941800068;0.936657162;0.948466528;0.953904186;1.081416006;1.051051295;1.080380748;1.077631234;1.047360993;1.05536409;1.06634831;1.053999961;1.015974854;;;;0.949961753;0.941800068;0.936657162;0.948466528;0.953904186;1.081416006;1.051051295;1.080380748;1.077631234;1.047360993;1.05536409;1.06634831;1.053999961;1.015974854;;;
0.950677625;0.942514094;0.937369448;0.94917699;0.955321577;1.084950045;1.054578313;1.083899904;1.081141433;1.050863873;1.058858673;1.069833108;1.057478509;1.019430551;;;;0.950677625;0.942514094;0.937369448;0.94917699;0.955321577;1.084950045;1.054578313;1.083899904;1.081141433;1.050863873;1.058858673;1.069833108;1.057478509;1.019430551;;;
0.951393497;0.943228119;0.938081735;0.950597913;0.956738968;1.088484085;1.05810533;1.087419059;1.084651633;1.054366752;1.062353256;1.073317907;1.060957057;1.022886248;;;;0.951393497;0.943228119;0.938081735;0.950597913;0.956738968;1.088484085;1.05810533;1.087419059;1.084651633;1.054366752;1.062353256;1.073317907;1.060957057;1.022886248;;;
0.952109368;0.943942145;0.938794022;0.952018837;0.958156359;1.092018124;1.061632348;1.090938215;1.088161832;1.057869632;1.065847839;1.076802705;1.064435604;1.026341945;;;;0.952109368;0.943942145;0.938794022;0.952018837;0.958156359;1.092018124;1.061632348;1.090938215;1.088161832;1.057869632;1.065847839;1.076802705;1.064435604;1.026341945;;;
0.95282524;0.944656171;0.939506309;0.953439761;0.95957375;1.095552163;1.065159366;1.09445737;1.091672031;1.061372511;1.069342422;1.080287503;1.067914152;1.029797642;;;;0.95282524;0.944656171;0.939506309;0.953439761;0.95957375;1.095552163;1.065159366;1.09445737;1.091672031;1.061372511;1.069342422;1.080287503;1.067914152;1.029797642;;;
0.953541112;0.945370197;0.940218596;0.954860684;0.960282446;1.099086202;1.068686384;1.097976526;1.095182231;1.064875391;1.072837005;1.083772302;1.0713927;1.033253338;;;;0.953541112;0.945370197;0.940218596;0.954860684;0.960282446;1.099086202;1.068686384;1.097976526;1.095182231;1.064875391;1.072837005;1.083772302;1.0713927;1.033253338;;;
0.954256984;0.946084223;0.940930883;0.955571146;0.960991141;1.102620242;1.072213401;1.101495682;1.09869243;1.068378271;1.076331588;1.0872571;1.074871248;1.036709035;;;;0.954256984;0.946084223;0.940930883;0.955571146;0.960991141;1.102620242;1.072213401;1.101495682;1.09869243;1.068378271;1.076331588;1.0872571;1.074871248;1.036709035;;;
0.954972855;0.946798249;0.941643169;0.956281608;0.962408532;1.106154281;1.075740419;1.105014837;1.10220263;1.07188115;1.079826171;1.090741899;1.078349795;1.040164732;;;;0.954972855;0.946798249;0.941643169;0.956281608;0.962408532;1.106154281;1.075740419;1.105014837;1.10220263;1.07188115;1.079826171;1.090741899;1.078349795;1.040164732;;;
0.955688727;0.947512274;0.942355456;0.957702532;0.963825923;1.10968832;1.079267437;1.108533993;1.105712829;1.07538403;1.083320755;1.094226697;1.085306891;1.043620429;;;;0.955688727;0.947512274;0.942355456;0.957702532;0.963825923;1.10968832;1.079267437;1.108533993;1.105712829;1.07538403;1.083320755;1.094226697;1.085306891;1.043620429;;;
0.956404599;0.9482263;0.943067743;0.959123455;0.965243314;1.113222359;1.082794455;1.112053148;1.109223029;1.078886909;1.086815338;1.097711495;1.092263986;1.047076126;;;;0.956404599;0.9482263;0.943067743;0.959123455;0.965243314;1.113222359;1.082794455;1.112053148;1.109223029;1.078886909;1.086815338;1.097711495;1.092263986;1.047076126;;;
0.95712047;0.948940326;0.94378003;0.960544379;0.966660705;1.116756399;1.086321473;1.119091459;1.116243428;1.082389789;1.090309921;1.101196294;1.099221082;1.050531822;;;;0.95712047;0.948940326;0.94378003;0.960544379;0.966660705;1.116756399;1.086321473;1.119091459;1.116243428;1.082389789;1.090309921;1.101196294;1.099221082;1.050531822;;;
0.957836342;0.949654352;0.944492317;0.961965303;0.967369401;1.123824477;1.08984849;1.12612977;1.123263827;1.085892669;1.093804504;1.104681092;1.106178177;1.053987519;;;;0.957836342;0.949654352;0.944492317;0.961965303;0.967369401;1.123824477;1.08984849;1.12612977;1.123263827;1.085892669;1.093804504;1.104681092;1.106178177;1.053987519;;;
0.958552214;0.950368378;0.945204603;0.962675764;0.968078096;1.130892556;1.093375508;1.140206392;1.137304624;1.089395548;1.097299087;1.108165891;1.113135273;1.057443216;;;;0.958552214;0.950368378;0.945204603;0.962675764;0.968078096;1.130892556;1.093375508;1.140206392;1.137304624;1.089395548;1.097299087;1.108165891;1.113135273;1.057443216;;;
0.959268086;0.951082404;0.94591689;0.963386226;0.969495488;1.145028712;1.096902526;1.154283015;1.151345422;1.092898428;1.10079367;1.115135487;1.120092368;1.060898913;;;;0.959268086;0.951082404;0.94591689;0.963386226;0.969495488;1.145028712;1.096902526;1.154283015;1.151345422;1.092898428;1.10079367;1.115135487;1.120092368;1.060898913;;;
0.959983957;0.951796429;0.946629177;0.96480715;0.970912879;1.159164869;1.100429544;1.168359637;1.16538622;1.096401307;1.104288253;1.122105084;1.127049464;1.064354609;;;;0.959983957;0.951796429;0.946629177;0.96480715;0.970912879;1.159164869;1.100429544;1.168359637;1.16538622;1.096401307;1.104288253;1.122105084;1.127049464;1.064354609;;;
0.960699829;0.952510455;0.947341464;0.966228073;0.97233027;1.173301026;1.103956561;1.182436259;1.179427018;1.099904187;1.111277419;1.129074681;1.140963654;1.067810306;;;;0.960699829;0.952510455;0.947341464;0.966228073;0.97233027;1.173301026;1.103956561;1.182436259;1.179427018;1.099904187;1.111277419;1.129074681;1.140963654;1.067810306;;;
0.961415701;0.953224481;0.948053751;0.967648997;0.973747661;;1.107483579;1.196512881;1.193467816;1.103407066;1.118266585;1.136044278;1.154877845;1.071266003;;;;0.961415701;0.953224481;0.948053751;0.967648997;0.973747661;;1.107483579;1.196512881;1.193467816;1.103407066;1.118266585;1.136044278;1.154877845;1.071266003;;;
0.962131572;0.953938507;0.948766037;0.969069921;0.974456356;;1.111010597;1.210589503;1.207508614;1.106909946;1.125255751;1.143013875;1.168792036;1.0747217;;;;0.962131572;0.953938507;0.948766037;0.969069921;0.974456356;;1.111010597;1.210589503;1.207508614;1.106909946;1.125255751;1.143013875;1.168792036;1.0747217;;;
0.962847444;0.954652533;0.949478324;0.969780383;0.975165052;;1.114537615;;;1.113915705;1.132244918;1.149983471;1.182706227;1.078177397;;;;0.962847444;0.954652533;0.949478324;0.969780383;0.975165052;;1.114537615;;;1.113915705;1.132244918;1.149983471;1.182706227;1.078177397;;;
0.963563316;0.955366559;0.950190611;0.970490844;0.976582443;;1.12159165;;;1.120921464;1.139234084;1.156953068;1.196620418;1.081633093;;;;0.963563316;0.955366559;0.950190611;0.970490844;0.976582443;;1.12159165;;;1.120921464;1.139234084;1.156953068;1.196620418;1.081633093;;;
0.964279187;0.956080584;0.950902898;0.971911768;0.977999834;;1.128645686;;;1.127927223;1.14622325;1.170892262;1.210534609;1.08508879;;;;0.964279187;0.956080584;0.950902898;0.971911768;0.977999834;;1.128645686;;;1.127927223;1.14622325;1.170892262;1.210534609;1.08508879;;;
0.964995059;0.95679461;0.951615185;0.973332692;0.979417225;;1.142753757;;;1.134932983;1.160201582;1.184831455;1.2244488;1.088544487;;;;0.964995059;0.95679461;0.951615185;0.973332692;0.979417225;;1.142753757;;;1.134932983;1.160201582;1.184831455;1.2244488;1.088544487;;;
0.965710931;0.957508636;0.952327472;0.974753615;0.980834616;;1.156861828;;;1.141938742;1.174179915;1.198770649;1.252277182;1.092000184;;;;0.965710931;0.957508636;0.952327472;0.974753615;0.980834616;;1.156861828;;;1.141938742;1.174179915;1.198770649;1.252277182;1.092000184;;;
0.966426803;0.958222662;0.953039758;0.976174539;0.981543312;;1.170969899;;;1.148944501;1.188158247;1.212709843;1.280105564;1.098911577;;;;0.966426803;0.958222662;0.953039758;0.976174539;0.981543312;;1.170969899;;;1.148944501;1.188158247;1.212709843;1.280105564;1.098911577;;;
0.967142674;0.958936688;0.953752045;0.976885001;0.982252007;;1.18507797;;;1.162956019;1.202136579;1.226649036;;1.105822971;;;;0.967142674;0.958936688;0.953752045;0.976885001;0.982252007;;1.18507797;;;1.162956019;1.202136579;1.226649036;;1.105822971;;;
0.967858546;0.959650714;0.954464332;0.977595463;0.983669398;;1.199186041;;;1.176967537;1.216114912;1.24058823;;1.112734364;;;;0.967858546;0.959650714;0.954464332;0.977595463;0.983669398;;1.199186041;;;1.176967537;1.216114912;1.24058823;;1.112734364;;;
0.968574418;0.960364739;0.955176619;0.979016386;0.985086789;;;;;1.190979056;1.230093244;1.254527423;;1.119645758;;;;0.968574418;0.960364739;0.955176619;0.979016386;0.985086789;;;;;1.190979056;1.230093244;1.254527423;;1.119645758;;;
0.969290289;0.961078765;0.955888906;0.98043731;0.98650418;;;;;1.204990574;1.244071576;;;1.126557152;;;;0.969290289;0.961078765;0.955888906;0.98043731;0.98650418;;;;;1.204990574;1.244071576;;;1.126557152;;;
0.970006161;0.961792791;0.956601192;0.981858233;0.987921571;;;;;1.219002092;1.258049908;;;1.133468545;;;;0.970006161;0.961792791;0.956601192;0.981858233;0.987921571;;;;;1.219002092;1.258049908;;;1.133468545;;;
0.970722033;0.962506817;0.957313479;0.983279157;0.988630267;;;;;1.233013611;;;;1.147291332;;;;0.970722033;0.962506817;0.957313479;0.983279157;0.988630267;;;;;1.233013611;;;;1.147291332;;;
0.971437905;0.963220843;0.958025766;0.983989619;0.989338962;;;;;1.261036647;;;;1.161114119;;;;0.971437905;0.963220843;0.958025766;0.983989619;0.989338962;;;;;1.261036647;;;;1.161114119;;;
0.972153776;0.963934868;0.958738053;0.984700081;0.990756353;;;;;;;;;1.174936907;;;;0.972153776;0.963934868;0.958738053;0.984700081;0.990756353;;;;;;;;;1.174936907;;;
0.972869648;0.964648894;0.95945034;0.986121004;0.992173745;;;;;;;;;1.188759694;;;;0.972869648;0.964648894;0.95945034;0.986121004;0.992173745;;;;;;;;;1.188759694;;;
0.97358552;0.96536292;0.960162627;0.987541928;0.993591136;;;;;;;;;1.202582481;;;;0.97358552;0.96536292;0.960162627;0.987541928;0.993591136;;;;;;;;;1.202582481;;;
0.974301391;0.966076946;0.960874913;0.988962852;0.995008527;;;;;;;;;1.216405268;;;;0.974301391;0.966076946;0.960874913;0.988962852;0.995008527;;;;;;;;;1.216405268;;;
0.975017263;0.966790972;0.9615872;0.990383775;0.995717222;;;;;;;;;1.230228055;;;;0.975017263;0.966790972;0.9615872;0.990383775;0.995717222;;;;;;;;;1.230228055;;;
0.975733135;0.967504998;0.962299487;0.991094237;0.996425918;;;;;;;;;1.244050842;;;;0.975733135;0.967504998;0.962299487;0.991094237;0.996425918;;;;;;;;;1.244050842;;;
0.976449006;0.968219023;0.963011774;0.991804699;0.997843309;;;;;;;;;1.271696416;;;;0.976449006;0.968219023;0.963011774;0.991804699;0.997843309;;;;;;;;;1.271696416;;;
0.977164878;0.968933049;0.963724061;0.993225623;0.9992607;;;;;;;;;1.299341991;;;;0.977164878;0.968933049;0.963724061;0.993225623;0.9992607;;;;;;;;;1.299341991;;;
0.97788075;0.969647075;0.964436347;0.994646546;1.000678091;;;;;;;;;1.326987565;;;;0.97788075;0.969647075;0.964436347;0.994646546;1.000678091;;;;;;;;;1.326987565;;;
0.978596622;0.970361101;0.965148634;0.99606747;1.002095482;;;;;;;;;;;;;0.978596622;0.970361101;0.965148634;0.99606747;1.002095482;;;;;;;;;;;;
0.979312493;0.971075127;0.965860921;0.997488393;1.002804178;;;;;;;;;;;;;0.979312493;0.971075127;0.965860921;0.997488393;1.002804178;;;;;;;;;;;;
0.980028365;0.971789153;0.966573208;0.998198855;1.003512873;;;;;;;;;;;;;0.980028365;0.971789153;0.966573208;0.998198855;1.003512873;;;;;;;;;;;;
0.980744237;0.972503178;0.967285495;0.998909317;1.004930264;;;;;;;;;;;;;0.980744237;0.972503178;0.967285495;0.998909317;1.004930264;;;;;;;;;;;;
0.981460108;0.973217204;0.967997781;1.000330241;1.006347655;;;;;;;;;;;;;0.981460108;0.973217204;0.967997781;1.000330241;1.006347655;;;;;;;;;;;;
0.98217598;0.97393123;0.968710068;1.001751164;1.007765046;;;;;;;;;;;;;0.98217598;0.97393123;0.968710068;1.001751164;1.007765046;;;;;;;;;;;;
0.982891852;0.974645256;0.969422355;1.003172088;1.009182437;;;;;;;;;;;;;0.982891852;0.974645256;0.969422355;1.003172088;1.009182437;;;;;;;;;;;;
0.983607724;0.975359282;0.970134642;1.004593012;1.009891133;;;;;;;;;;;;;0.983607724;0.975359282;0.970134642;1.004593012;1.009891133;;;;;;;;;;;;
0.984323595;0.976073308;0.970846929;1.005303473;1.010599828;;;;;;;;;;;;;0.984323595;0.976073308;0.970846929;1.005303473;1.010599828;;;;;;;;;;;;
0.985039467;0.976787333;0.971559216;1.006013935;1.012017219;;;;;;;;;;;;;0.985039467;0.976787333;0.971559216;1.006013935;1.012017219;;;;;;;;;;;;
0.985755339;0.977501359;0.972271502;1.007434859;1.013434611;;;;;;;;;;;;;0.985755339;0.977501359;0.972271502;1.007434859;1.013434611;;;;;;;;;;;;
0.98647121;0.978215385;0.972983789;1.008855783;1.014852002;;;;;;;;;;;;;0.98647121;0.978215385;0.972983789;1.008855783;1.014852002;;;;;;;;;;;;
0.987187082;0.978929411;0.973696076;1.010276706;1.016269393;;;;;;;;;;;;;0.987187082;0.978929411;0.973696076;1.010276706;1.016269393;;;;;;;;;;;;
0.987902954;0.979643437;0.974408363;1.01169763;1.016978088;;;;;;;;;;;;;0.987902954;0.979643437;0.974408363;1.01169763;1.016978088;;;;;;;;;;;;
0.988618825;0.980357463;0.97512065;1.012408092;1.017686784;;;;;;;;;;;;;0.988618825;0.980357463;0.97512065;1.012408092;1.017686784;;;;;;;;;;;;
0.989334697;0.981071488;0.975832936;1.013118553;1.019104175;;;;;;;;;;;;;0.989334697;0.981071488;0.975832936;1.013118553;1.019104175;;;;;;;;;;;;
0.990050569;0.981785514;0.976545223;1.014539477;1.020521566;;;;;;;;;;;;;0.990050569;0.981785514;0.976545223;1.014539477;1.020521566;;;;;;;;;;;;
0.990766441;0.98249954;0.97725751;1.015960401;1.021938957;;;;;;;;;;;;;0.990766441;0.98249954;0.97725751;1.015960401;1.021938957;;;;;;;;;;;;
0.991482312;0.983213566;0.977969797;1.017381324;1.023356348;;;;;;;;;;;;;0.991482312;0.983213566;0.977969797;1.017381324;1.023356348;;;;;;;;;;;;
0.992198184;0.983927592;0.978682084;1.018802248;1.024065043;;;;;;;;;;;;;0.992198184;0.983927592;0.978682084;1.018802248;1.024065043;;;;;;;;;;;;
0.992914056;0.984641618;0.979394371;1.01951271;1.024773739;;;;;;;;;;;;;0.992914056;0.984641618;0.979394371;1.01951271;1.024773739;;;;;;;;;;;;
0.993629927;0.985355643;0.980106657;1.020223172;1.02619113;;;;;;;;;;;;;0.993629927;0.985355643;0.980106657;1.020223172;1.02619113;;;;;;;;;;;;
0.994345799;0.986069669;0.980818944;1.021644095;1.027608521;;;;;;;;;;;;;0.994345799;0.986069669;0.980818944;1.021644095;1.027608521;;;;;;;;;;;;
0.995061671;0.986783695;0.981531231;1.023065019;1.029025912;;;;;;;;;;;;;0.995061671;0.986783695;0.981531231;1.023065019;1.029025912;;;;;;;;;;;;
0.995777543;0.987497721;0.982243518;1.024485943;1.030443303;;;;;;;;;;;;;0.995777543;0.987497721;0.982243518;1.024485943;1.030443303;;;;;;;;;;;;
0.996493414;0.988211747;0.982955805;1.025906866;1.031151999;;;;;;;;;;;;;0.996493414;0.988211747;0.982955805;1.025906866;1.031151999;;;;;;;;;;;;
0.997209286;0.988925772;0.983668091;1.026617328;1.031860694;;;;;;;;;;;;;0.997209286;0.988925772;0.983668091;1.026617328;1.031860694;;;;;;;;;;;;
0.997925158;0.989639798;0.984380378;1.02732779;1.033278085;;;;;;;;;;;;;0.997925158;0.989639798;0.984380378;1.02732779;1.033278085;;;;;;;;;;;;
0.998641029;0.990353824;0.985092665;1.028748713;1.034695476;;;;;;;;;;;;;0.998641029;0.990353824;0.985092665;1.028748713;1.034695476;;;;;;;;;;;;
0.999356901;0.99106785;0.985804952;1.030169637;1.036112868;;;;;;;;;;;;;0.999356901;0.99106785;0.985804952;1.030169637;1.036112868;;;;;;;;;;;;
1.000072773;0.991781876;0.986517239;1.031590561;1.037530259;;;;;;;;;;;;;1.000072773;0.991781876;0.986517239;1.031590561;1.037530259;;;;;;;;;;;;
1.000788644;0.992495902;0.987229525;1.033011484;1.038238954;;;;;;;;;;;;;1.000788644;0.992495902;0.987229525;1.033011484;1.038238954;;;;;;;;;;;;
1.001504516;0.993209927;0.987941812;1.033721946;1.03894765;;;;;;;;;;;;;1.001504516;0.993209927;0.987941812;1.033721946;1.03894765;;;;;;;;;;;;
1.002220388;0.993923953;0.988654099;1.034432408;1.040365041;;;;;;;;;;;;;1.002220388;0.993923953;0.988654099;1.034432408;1.040365041;;;;;;;;;;;;
1.00293626;0.994637979;0.989366386;1.035853332;1.041782432;;;;;;;;;;;;;1.00293626;0.994637979;0.989366386;1.035853332;1.041782432;;;;;;;;;;;;
1.003652131;0.995352005;0.990078673;1.037274255;1.043199823;;;;;;;;;;;;;1.003652131;0.995352005;0.990078673;1.037274255;1.043199823;;;;;;;;;;;;
1.004368003;0.996066031;0.99079096;1.038695179;1.045325909;;;;;;;;;;;;;1.004368003;0.996066031;0.99079096;1.038695179;1.045325909;;;;;;;;;;;;
1.005083875;0.996780057;0.991503246;1.040116103;1.048869387;;;;;;;;;;;;;1.005083875;0.996780057;0.991503246;1.040116103;1.048869387;;;;;;;;;;;;
1.005799746;0.997494082;0.992215533;1.040826564;1.052412865;;;;;;;;;;;;;1.005799746;0.997494082;0.992215533;1.040826564;1.052412865;;;;;;;;;;;;
1.006515618;0.998208108;0.99292782;1.041537026;1.055956342;;;;;;;;;;;;;1.006515618;0.998208108;0.99292782;1.041537026;1.055956342;;;;;;;;;;;;
1.00723149;0.998922134;0.993640107;1.04295795;1.05949982;;;;;;;;;;;;;1.00723149;0.998922134;0.993640107;1.04295795;1.05949982;;;;;;;;;;;;
1.007947362;0.99963616;0.994352394;1.044378874;1.063043298;;;;;;;;;;;;;1.007947362;0.99963616;0.994352394;1.044378874;1.063043298;;;;;;;;;;;;
1.008663233;1.000350186;0.99506468;1.045799797;1.066586775;;;;;;;;;;;;;1.008663233;1.000350186;0.99506468;1.045799797;1.066586775;;;;;;;;;;;;
1.009379105;1.001064212;0.995776967;1.047220721;1.070130253;;;;;;;;;;;;;1.009379105;1.001064212;0.995776967;1.047220721;1.070130253;;;;;;;;;;;;
1.010094977;1.001778237;0.996489254;1.047931183;1.073673731;;;;;;;;;;;;;1.010094977;1.001778237;0.996489254;1.047931183;1.073673731;;;;;;;;;;;;
1.010810848;1.002492263;0.997201541;1.048641644;1.077217208;;;;;;;;;;;;;1.010810848;1.002492263;0.997201541;1.048641644;1.077217208;;;;;;;;;;;;
1.01152672;1.003206289;0.997913828;1.050062568;1.080760686;;;;;;;;;;;;;1.01152672;1.003206289;0.997913828;1.050062568;1.080760686;;;;;;;;;;;;
1.012242592;1.003920315;0.998626115;1.051483492;1.084304164;;;;;;;;;;;;;1.012242592;1.003920315;0.998626115;1.051483492;1.084304164;;;;;;;;;;;;
1.012958463;1.004634341;0.999338401;1.055035801;1.087847641;;;;;;;;;;;;;1.012958463;1.004634341;0.999338401;1.055035801;1.087847641;;;;;;;;;;;;
1.013674335;1.005348367;1.000050688;1.05858811;1.091391119;;;;;;;;;;;;;1.013674335;1.005348367;1.000050688;1.05858811;1.091391119;;;;;;;;;;;;
1.014390207;1.006062392;1.000762975;1.062140419;1.094934597;;;;;;;;;;;;;1.014390207;1.006062392;1.000762975;1.062140419;1.094934597;;;;;;;;;;;;
1.015106079;1.006776418;1.001475262;1.065692728;1.098478074;;;;;;;;;;;;;1.015106079;1.006776418;1.001475262;1.065692728;1.098478074;;;;;;;;;;;;
1.01582195;1.007490444;1.002187549;1.069245037;1.102021552;;;;;;;;;;;;;1.01582195;1.007490444;1.002187549;1.069245037;1.102021552;;;;;;;;;;;;
1.016537822;1.00820447;1.002899835;1.072797346;1.10556503;;;;;;;;;;;;;1.016537822;1.00820447;1.002899835;1.072797346;1.10556503;;;;;;;;;;;;
1.017253694;1.008918496;1.003612122;1.076349655;1.109108507;;;;;;;;;;;;;1.017253694;1.008918496;1.003612122;1.076349655;1.109108507;;;;;;;;;;;;
1.017969565;1.009632522;1.004324409;1.079901964;1.112651985;;;;;;;;;;;;;1.017969565;1.009632522;1.004324409;1.079901964;1.112651985;;;;;;;;;;;;
1.018685437;1.010346547;1.005036696;1.083454274;1.116195463;;;;;;;;;;;;;1.018685437;1.010346547;1.005036696;1.083454274;1.116195463;;;;;;;;;;;;
1.019401309;1.011060573;1.005748983;1.087006583;1.11973894;;;;;;;;;;;;;1.019401309;1.011060573;1.005748983;1.087006583;1.11973894;;;;;;;;;;;;
1.02011718;1.011774599;1.006461269;1.090558892;1.126825896;;;;;;;;;;;;;1.02011718;1.011774599;1.006461269;1.090558892;1.126825896;;;;;;;;;;;;
1.020833052;1.012488625;1.007173556;1.094111201;1.133912851;;;;;;;;;;;;;1.020833052;1.012488625;1.007173556;1.094111201;1.133912851;;;;;;;;;;;;
1.021548924;1.013202651;1.007885843;1.09766351;1.148086762;;;;;;;;;;;;;1.021548924;1.013202651;1.007885843;1.09766351;1.148086762;;;;;;;;;;;;
1.022264796;1.013916676;1.00859813;1.101215819;1.162260672;;;;;;;;;;;;;1.022264796;1.013916676;1.00859813;1.101215819;1.162260672;;;;;;;;;;;;
1.022980667;1.014630702;1.009310417;1.104768128;;;;;;;;;;;;;;1.022980667;1.014630702;1.009310417;1.104768128;;;;;;;;;;;;;
1.023696539;1.015344728;1.010022704;1.108320437;;;;;;;;;;;;;;1.023696539;1.015344728;1.010022704;1.108320437;;;;;;;;;;;;;
1.024412411;1.016058754;1.011447277;1.111872746;;;;;;;;;;;;;;1.024412411;1.016058754;1.011447277;1.111872746;;;;;;;;;;;;;
1.025128282;1.01677278;1.012871851;1.115425055;;;;;;;;;;;;;;1.025128282;1.01677278;1.012871851;1.115425055;;;;;;;;;;;;;
1.025844154;1.017486806;1.014296424;1.118977364;;;;;;;;;;;;;;1.025844154;1.017486806;1.014296424;1.118977364;;;;;;;;;;;;;
1.026560026;1.018200831;1.015008711;1.122529674;;;;;;;;;;;;;;1.026560026;1.018200831;1.015008711;1.122529674;;;;;;;;;;;;;
1.027275898;1.018914857;1.015720998;1.129634292;;;;;;;;;;;;;;1.027275898;1.018914857;1.015720998;1.129634292;;;;;;;;;;;;;
1.027991769;1.019628883;1.017145572;1.13673891;;;;;;;;;;;;;;1.027991769;1.019628883;1.017145572;1.13673891;;;;;;;;;;;;;
1.028707641;1.020342909;1.018570145;1.150948146;;;;;;;;;;;;;;1.028707641;1.020342909;1.018570145;1.150948146;;;;;;;;;;;;;
1.029423513;1.021056935;1.019994719;;;;;;;;;;;;;;;1.029423513;1.021056935;1.019994719;;;;;;;;;;;;;;
1.030139384;1.021770961;1.021419293;;;;;;;;;;;;;;;1.030139384;1.021770961;1.021419293;;;;;;;;;;;;;;
1.030855256;1.022484986;1.022131579;;;;;;;;;;;;;;;1.030855256;1.022484986;1.022131579;;;;;;;;;;;;;;
1.031571128;1.023913038;1.022843866;;;;;;;;;;;;;;;1.031571128;1.023913038;1.022843866;;;;;;;;;;;;;;
1.032286999;1.024627064;1.02426844;;;;;;;;;;;;;;;1.032286999;1.024627064;1.02426844;;;;;;;;;;;;;;
1.033002871;1.02534109;1.025693013;;;;;;;;;;;;;;;1.033002871;1.02534109;1.025693013;;;;;;;;;;;;;;
1.033718743;1.026769141;1.027117587;;;;;;;;;;;;;;;1.033718743;1.026769141;1.027117587;;;;;;;;;;;;;;
1.034434615;1.028197193;1.028542161;;;;;;;;;;;;;;;1.034434615;1.028197193;1.028542161;;;;;;;;;;;;;;
1.035150486;1.029625245;1.029254448;;;;;;;;;;;;;;;1.035150486;1.029625245;1.029254448;;;;;;;;;;;;;;
1.03658223;1.031053296;1.029966734;;;;;;;;;;;;;;;1.03658223;1.031053296;1.029966734;;;;;;;;;;;;;;
1.038013973;1.031767322;1.031391308;;;;;;;;;;;;;;;1.038013973;1.031767322;1.031391308;;;;;;;;;;;;;;
1.039445717;1.032481348;1.032815882;;;;;;;;;;;;;;;1.039445717;1.032481348;1.032815882;;;;;;;;;;;;;;
1.04087746;1.0339094;1.034240455;;;;;;;;;;;;;;;1.04087746;1.0339094;1.034240455;;;;;;;;;;;;;;
1.041593332;1.035337451;1.035665029;;;;;;;;;;;;;;;1.041593332;1.035337451;1.035665029;;;;;;;;;;;;;;
1.042309203;1.036765503;1.036377316;;;;;;;;;;;;;;;1.042309203;1.036765503;1.036377316;;;;;;;;;;;;;;
1.043740947;1.038193555;1.037089603;;;;;;;;;;;;;;;1.043740947;1.038193555;1.037089603;;;;;;;;;;;;;;
1.04517269;1.03890758;1.038514176;;;;;;;;;;;;;;;1.04517269;1.03890758;1.038514176;;;;;;;;;;;;;;
1.046604434;1.039621606;1.03993875;;;;;;;;;;;;;;;1.046604434;1.039621606;1.03993875;;;;;;;;;;;;;;
1.048036177;1.041049658;1.041363323;;;;;;;;;;;;;;;1.048036177;1.041049658;1.041363323;;;;;;;;;;;;;;
1.048752049;1.04247771;1.042787897;;;;;;;;;;;;;;;1.048752049;1.04247771;1.042787897;;;;;;;;;;;;;;
1.04946792;1.043905761;1.043500184;;;;;;;;;;;;;;;1.04946792;1.043905761;1.043500184;;;;;;;;;;;;;;
1.050899664;1.045333813;1.044212471;;;;;;;;;;;;;;;1.050899664;1.045333813;1.044212471;;;;;;;;;;;;;;
1.052331407;1.046047839;1.045637044;;;;;;;;;;;;;;;1.052331407;1.046047839;1.045637044;;;;;;;;;;;;;;
1.053763151;1.046761865;1.047061618;;;;;;;;;;;;;;;1.053763151;1.046761865;1.047061618;;;;;;;;;;;;;;
1.055194894;1.048189916;1.048486192;;;;;;;;;;;;;;;1.055194894;1.048189916;1.048486192;;;;;;;;;;;;;;
1.055910766;1.049617968;1.049910765;;;;;;;;;;;;;;;1.055910766;1.049617968;1.049910765;;;;;;;;;;;;;;
1.056626637;1.05104602;1.050623052;;;;;;;;;;;;;;;1.056626637;1.05104602;1.050623052;;;;;;;;;;;;;;
1.058058381;1.052474071;1.051335339;;;;;;;;;;;;;;;1.058058381;1.052474071;1.051335339;;;;;;;;;;;;;;
1.059490124;1.053188097;1.052759912;;;;;;;;;;;;;;;1.059490124;1.053188097;1.052759912;;;;;;;;;;;;;;
1.060921868;1.053902123;1.054184486;;;;;;;;;;;;;;;1.060921868;1.053902123;1.054184486;;;;;;;;;;;;;;
1.062353611;1.055330175;1.05560906;;;;;;;;;;;;;;;1.062353611;1.055330175;1.05560906;;;;;;;;;;;;;;
1.063069483;1.056758226;1.057033633;;;;;;;;;;;;;;;1.063069483;1.056758226;1.057033633;;;;;;;;;;;;;;
1.063785355;1.058186278;1.05774592;;;;;;;;;;;;;;;1.063785355;1.058186278;1.05774592;;;;;;;;;;;;;;
1.065217098;1.05961433;1.058458207;;;;;;;;;;;;;;;1.065217098;1.05961433;1.058458207;;;;;;;;;;;;;;
1.066648841;1.060328355;1.061307354;;;;;;;;;;;;;;;1.066648841;1.060328355;1.061307354;;;;;;;;;;;;;;
1.068080585;1.061042381;1.064868788;;;;;;;;;;;;;;;1.068080585;1.061042381;1.064868788;;;;;;;;;;;;;;
1.069512328;1.062470433;1.068430222;;;;;;;;;;;;;;;1.069512328;1.062470433;1.068430222;;;;;;;;;;;;;;
1.0702282;1.063898484;1.071991656;;;;;;;;;;;;;;;1.0702282;1.063898484;1.071991656;;;;;;;;;;;;;;
1.070944072;1.065326536;1.075553091;;;;;;;;;;;;;;;1.070944072;1.065326536;1.075553091;;;;;;;;;;;;;;
1.072375815;1.066754588;1.079114525;;;;;;;;;;;;;;;1.072375815;1.066754588;1.079114525;;;;;;;;;;;;;;
1.073807558;1.067468614;1.082675959;;;;;;;;;;;;;;;1.073807558;1.067468614;1.082675959;;;;;;;;;;;;;;
1.077386917;1.068182639;1.086237393;;;;;;;;;;;;;;;1.077386917;1.068182639;1.086237393;;;;;;;;;;;;;;
;1.069610691;1.089798827;;;;;;;;;;;;;;;;1.069610691;1.089798827;;;;;;;;;;;;;;
;1.071038743;1.093360261;;;;;;;;;;;;;;;;1.071038743;1.093360261;;;;;;;;;;;;;;
;1.074608872;1.096921695;;;;;;;;;;;;;;;;1.074608872;1.096921695;;;;;;;;;;;;;;
;1.078179001;1.100483129;;;;;;;;;;;;;;;;1.078179001;1.100483129;;;;;;;;;;;;;;
;1.08174913;1.104044563;;;;;;;;;;;;;;;;1.08174913;1.104044563;;;;;;;;;;;;;;
;1.085319259;1.107605997;;;;;;;;;;;;;;;;1.085319259;1.107605997;;;;;;;;;;;;;;
;1.088889388;1.111167431;;;;;;;;;;;;;;;;1.088889388;1.111167431;;;;;;;;;;;;;;
;1.092459518;1.114728865;;;;;;;;;;;;;;;;1.092459518;1.114728865;;;;;;;;;;;;;;
;1.096029647;1.118290299;;;;;;;;;;;;;;;;1.096029647;1.118290299;;;;;;;;;;;;;;
;1.099599776;1.132536036;;;;;;;;;;;;;;;;1.099599776;1.132536036;;;;;;;;;;;;;;
;;1.139658904;;;;;;;;;;;;;;;;;1.139658904;;;;;;;;;;;;;;
