0.01159065;0.022795116;0.036163732;0.050063695;0.059569953;0.077996228;0.07681037;0.088161857;0.098498237;0.108231727;0.110388963;0.123278907;0.123884633;0.155926667;0.188129372;0.202457517;0.39959856;0.011733499;0.02302328;0.036558013;0.050538471;0.06014213;0.078612526;0.077492073;0.088795871;0.09939015;0.109678069;0.11193627;0.12509934;0.126105125;0.160586147;0.200488055;0.248014163;0.336157901
0.011139509;0.022382941;0.035087758;0.045936489;0.05722859;0.076966381;0.07491199;0.086130677;0.0963098;0.103410513;0.108050995;0.118248786;0.121470729;0.150565823;0.182830124;0.198163514;0.395413373;0.011271685;0.022658957;0.035459812;0.046339687;0.057757955;0.077567769;0.07565368;0.086835443;0.097160662;0.104839722;0.109529864;0.119913324;0.123799557;0.155082523;0.194279171;0.242030198;0.32803624
0.010467825;0.02202512;0.031986893;0.043951695;0.056476204;0.074118303;0.07309887;0.084091836;0.094110533;0.10115429;0.105699826;0.115872473;0.119138739;0.145459654;0.177585961;0.193986767;0.391220432;0.010585478;0.02223885;0.032361302;0.044397203;0.056991911;0.074675739;0.073717042;0.0846683;0.094922717;0.102519025;0.10721461;0.117464026;0.121370191;0.149723256;0.188411145;0.236341171;0.320314617
0.01006013;0.021664603;0.031539816;0.043338333;0.054968038;0.070355714;0.071277114;0.082140882;0.092001776;0.098886074;0.103436849;0.113474302;0.116880896;0.140569446;0.172495734;0.189981575;0.371772237;0.010168608;0.021871244;0.03184261;0.043771522;0.05545769;0.070960778;0.071949777;0.082781857;0.09277684;0.100289776;0.104885321;0.114997004;0.11892676;0.144596829;0.182836635;0.230840391;0.31284835
0.009643384;0.021301772;0.031029841;0.042722765;0.054212999;0.069441382;0.069530607;0.080268361;0.089973972;0.096706361;0.101253269;0.111059381;0.114690163;0.135957105;0.1676306;0.186121537;0.366171917;0.009743511;0.021501605;0.03138253;0.043144046;0.054769383;0.070031558;0.070091309;0.080792295;0.090621282;0.097951938;0.10263825;0.112613764;0.116828227;0.139762819;0.177430035;0.225641662;0.305791725
0.00944448;0.020936983;0.030577321;0.042105389;0.053457785;0.06862344;0.067851036;0.078382265;0.087930007;0.094606067;0.099141112;0.108819059;0.112560172;0.131488764;0.16304017;0.181496253;0.360525843;0.009540595;0.021130271;0.030862645;0.042515151;0.054000113;0.069102899;0.068460789;0.078881985;0.088547973;0.095886877;0.100465377;0.110306241;0.114439653;0.135003004;0.172335384;0.221789557;0.300560951
0.009062274;0.020570572;0.030066122;0.041486583;0.052778529;0.067707358;0.0670433;0.076566139;0.085958661;0.092489181;0.097093165;0.10664411;0.110402894;0.127224957;0.158529174;0.177972143;0.347665337;0.009150722;0.020757562;0.030398564;0.041885195;0.053306548;0.068268348;0.067712213;0.077042667;0.086464433;0.093713246;0.098359428;0.107978504;0.112368649;0.130552547;0.165932658;0.216852073;0.293858678
0.008919239;0.019834118;0.029609613;0.040866701;0.052022001;0.066883679;0.066158108;0.0747366;0.085008136;0.090527801;0.095021878;0.104442574;0.108381079;0.125159011;0.154305003;0.174526738;0.346202012;0.009047217;0.020052737;0.029932164;0.041254515;0.052536806;0.067339564;0.066738882;0.075266856;0.085830585;0.091613673;0.096233361;0.10580497;0.110266133;0.128435757;0.162697481;0.212139106;0.287460879
0.008877791;0.019507143;0.029150799;0.039686438;0.051338231;0.065967478;0.064594182;0.073042253;0.083971727;0.088543214;0.093009498;0.102301346;0.107242424;0.123132113;0.150188602;0.171201859;0.343236488;0.008962592;0.019718297;0.029463807;0.040053167;0.051839604;0.066501035;0.065146838;0.073475704;0.084615382;0.089580884;0.094245633;0.103605826;0.109549212;0.126285148;0.158241749;0.20762403;0.281331435
0.00883629;0.019176875;0.028690041;0.039123297;0.05065185;0.065139891;0.06377085;0.071328398;0.083091897;0.08661666;0.091124415;0.100214625;0.106328556;0.121211901;0.146228845;0.167928056;0.338901293;0.00896224;0.019340231;0.028993835;0.039479764;0.051070687;0.065660041;0.064444668;0.071741868;0.083877182;0.0876843;0.092233096;0.101541626;0.108212298;0.12417596;0.153962206;0.203283667;0.275438911
0.008690218;0.018843721;0.028277014;0.038557101;0.049963277;0.064309883;0.063010782;0.06966502;0.082127305;0.084815332;0.089209899;0.098177173;0.104395501;0.119250978;0.142402982;0.164746004;0.335868708;0.008771546;0.019001566;0.02857146;0.03890365;0.050439039;0.064817039;0.063536992;0.070125022;0.082665001;0.085617208;0.09034144;0.099448128;0.106202766;0.122240312;0.149835044;0.199047667;0.269687919
0.008606378;0.018508059;0.027811921;0.037417207;0.049272909;0.063477907;0.062245253;0.068046791;0.081234302;0.082844726;0.087338769;0.096184266;0.102429597;0.117386041;0.138746629;0.161317703;0.33152395;0.00868642;0.018698575;0.028097788;0.037744879;0.049736453;0.063972462;0.062886608;0.068485579;0.081909285;0.083889833;0.088421835;0.097473158;0.104164434;0.120264838;0.145894534;0.195000839;0.264193421
0.008542133;0.018170248;0.027392319;0.036897541;0.048645851;0.06264439;0.061474808;0.066468926;0.080261279;0.081922896;0.085571755;0.094300432;0.101401778;0.115480872;0.135233922;0.15847176;0.329982854;0.008620774;0.018354411;0.027669497;0.037215875;0.049097076;0.063126721;0.061975787;0.066887494;0.080847962;0.083148471;0.086608254;0.095466565;0.103643749;0.118254636;0.14211403;0.191075268;0.258863331
0.008499929;0.017830623;0.026969306;0.03632165;0.047951345;0.061888348;0.060699963;0.065701082;0.079357472;0.081062227;0.083772357;0.092381394;0.100569502;0.113662449;0.131843089;0.155454218;0.328431101;0.008577947;0.018044102;0.027238111;0.036682713;0.048391096;0.062436393;0.061310757;0.066284697;0.08014515;0.082061228;0.084826688;0.093564507;0.102234767;0.116335478;0.1384709;0.187257405;0.253679271
0.008392231;0.01752404;0.026543292;0.035794967;0.047317569;0.06105101;0.059980977;0.064927134;0.078518413;0.080193484;0.082064549;0.090558646;0.099528158;0.111922142;0.128601407;0.152447399;0.325296776;0.008468285;0.017695919;0.026804021;0.036145857;0.047745765;0.061509504;0.060457913;0.065383393;0.079008534;0.081429745;0.083074014;0.091692426;0.101745874;0.114615424;0.13499156;0.183493044;0.24856775
0.008326032;0.017213915;0.026199184;0.03526469;0.046680262;0.060288069;0.059197348;0.064203419;0.077602756;0.079317312;0.08032369;0.089602649;0.098739576;0.110138874;0.125313412;0.149487352;0.322123216;0.008400769;0.017379877;0.026367595;0.035605746;0.04709727;0.060734969;0.059836993;0.06476013;0.078286647;0.080272381;0.081347434;0.091081912;0.100402273;0.112792505;0.131781662;0.179857899;0.243631394
0.00825913;0.016900659;0.025806701;0.03424123;0.046039867;0.05952143;0.058467674;0.063417577;0.076749805;0.078434324;0.07949817;0.088700194;0.097685731;0.108481409;0.122232098;0.146530055;0.317749585;0.008332576;0.017092859;0.026010596;0.034563275;0.046446035;0.059957095;0.05897861;0.063852898;0.077217894;0.079678607;0.080666661;0.089847498;0.09981577;0.111040836;0.128514009;0.176298625;0.23879788
0.008191553;0.016615713;0.025409917;0.03324677;0.045453474;0.058751576;0.05778824;0.062680455;0.075890032;0.077606143;0.078663784;0.087848055;0.096937067;0.107042186;0.119287082;0.143609377;0.314529286;0.008299666;0.016770321;0.025568124;0.033594075;0.045792465;0.059176351;0.058341852;0.063264802;0.076608238;0.078519365;0.079698812;0.089266121;0.098534009;0.109091326;0.125353305;0.172844612;0.234107034
0.008148546;0.016296279;0.024932336;0.032785597;0.044806675;0.05797897;0.057047197;0.061988819;0.075024037;0.076769585;0.077874584;0.086927149;0.095871714;0.105392081;0.116457306;0.140719675;0.314031554;0.008220163;0.016475407;0.025162665;0.033080814;0.045191822;0.058393181;0.057533623;0.062404067;0.07553488;0.077959341;0.079100323;0.088084969;0.098038026;0.107369939;0.122284169;0.169411889;0.229445027
0.00810553;0.016003787;0.024605215;0.032318438;0.044211764;0.057271514;0.056354774;0.061238034;0.074152385;0.075983632;0.077075472;0.086112195;0.095159502;0.103797881;0.113655512;0.139280692;0.311275276;0.008229599;0.016176655;0.024791034;0.032646007;0.04458674;0.057742214;0.05693458;0.061795608;0.074838577;0.076856735;0.078067009;0.087471986;0.096752589;0.105707488;0.118350504;0.167676015;0.227087565
0.008037001;0.015707628;0.024198116;0.031368286;0.043612563;0.05649302;0.055656033;0.060531449;0.073336718;0.075130911;0.076318276;0.085229848;0.094141621;0.10220671;0.110942616;0.137855991;0.309078332;0.008158953;0.015874488;0.024414266;0.03160032;0.043977689;0.056886707;0.056119158;0.060977226;0.073763779;0.076155278;0.077288752;0.086340078;0.096223057;0.104098332;0.116402876;0.166032979;0.224855932
0.007967879;0.01543514;0.023823387;0.030886278;0.043009532;0.055777191;0.055001825;0.059817662;0.072513693;0.074327465;0.075650432;0.084393218;0.093461494;0.100664092;0.108273444;0.134982422;0.304673783;0.008036525;0.015569305;0.024032848;0.031261569;0.043365118;0.05616093;0.055553795;0.060398071;0.073169112;0.075218208;0.07645035;0.08553476;0.094879072;0.102491673;0.113724806;0.1626682;0.220285956
0.007898191;0.015157897;0.02344422;0.030436835;0.042452696;0.055057078;0.054339929;0.059144569;0.071683911;0.073461021;0.074772175;0.083652859;0.092430637;0.099121043;0.105640571;0.132098545;0.301329948;0.008016036;0.015313103;0.023647238;0.030764991;0.042798786;0.055431174;0.054780741;0.059569964;0.072208284;0.074549779;0.075751088;0.084611131;0.094486535;0.10088738;0.110836239;0.159380963;0.215821038
0.007844581;0.014876377;0.023093934;0.02998173;0.041842013;0.054394072;0.053670945;0.058463188;0.070904977;0.072749284;0.074128558;0.082689486;0.091725169;0.097620331;0.103094546;0.129233204;0.298979902;0.007943816;0.015026116;0.023225137;0.03033582;0.042179149;0.05481915;0.054196492;0.059017063;0.071531108;0.073601314;0.074895217;0.083836771;0.093142279;0.099370692;0.108168275;0.156099888;0.211364419
0.007800897;0.014615167;0.022706201;0.029555957;0.041275802;0.053665318;0.052995441;0.057774116;0.070117833;0.071921228;0.073282145;0.082028308;0.090737047;0.096116485;0.100567739;0.126382869;0.297274446;0.007866622;0.014807458;0.022896854;0.029762481;0.0416508;0.054020741;0.053461808;0.058225207;0.070618717;0.073014642;0.074173582;0.082896624;0.092766888;0.097850597;0.105525487;0.152884806;0.206997185
0.007773558;0.014348832;0.022346199;0.029123529;0.040750715;0.052991587;0.052359548;0.057122049;0.069323099;0.071188653;0.072659476;0.081049664;0.090322793;0.094689657;0.098107843;0.123517047;0.29556314;0.007838683;0.014534266;0.02253093;0.029424139;0.041070117;0.053337984;0.052860016;0.057562727;0.069975648;0.072054717;0.073348509;0.082200524;0.09142286;0.096367318;0.102956008;0.14969908;0.202669668
0.007702052;0.014077871;0.022011429;0.028684998;0.040174525;0.052312531;0.051715994;0.056461376;0.068574618;0.070545354;0.07179634;0.080410902;0.089316741;0.093216358;0.095654625;0.120688282;0.29309817;0.007766078;0.014212125;0.022130778;0.028879803;0.040485581;0.052650182;0.052160058;0.056848926;0.069053171;0.071292654;0.072695988;0.081293156;0.090755127;0.094917286;0.100398483;0.146539053;0.1983769
0.007630087;0.013824374;0.021641632;0.028240884;0.039638009;0.051628673;0.05106536;0.055792696;0.067817313;0.069839004;0.071192637;0.079466399;0.088661326;0.091813116;0.093229037;0.117840089;0.288663276;0.007693035;0.013975289;0.02181503;0.028555991;0.039940796;0.051957845;0.051585282;0.056255446;0.068388896;0.070472584;0.071853363;0.080618899;0.089769669;0.093497238;0.097873951;0.143401343;0.194114287
0.007573186;0.013565604;0.021296143;0.027822358;0.039095948;0.050940508;0.050450558;0.055157731;0.067051818;0.069025899;0.07035738;0.078941128;0.087742643;0.090400719;0.090825582;0.115021788;0.286116792;0.007635002;0.013690368;0.021464125;0.028036713;0.03939073;0.051421506;0.050873474;0.055568809;0.067509139;0.069788758;0.071220159;0.079787798;0.089126035;0.092067938;0.095399934;0.140282798;0.189877547
0.007500111;0.013408021;0.020945563;0.027427232;0.038548841;0.050300742;0.049827722;0.054554197;0.066278735;0.068393188;0.069812202;0.077933048;0.087109594;0.089049998;0.088439379;0.112180657;0.283510358;0.007606294;0.013530091;0.021081243;0.027724354;0.038835868;0.050717555;0.050281675;0.054955819;0.066874701;0.068952925;0.070488081;0.079039424;0.088175684;0.090665175;0.092946157;0.137206821;0.185698383
0.007470975;0.013302063;0.020564018;0.027024536;0.03803715;0.049654962;0.049237769;0.053901361;0.065547264;0.067563715;0.068918077;0.077284929;0.086174732;0.087687007;0.086087205;0.109130808;0.281735503;0.007531211;0.013422373;0.020800549;0.02725545;0.038435955;0.050061247;0.049600294;0.054293869;0.066032907;0.068293937;0.069787123;0.078143203;0.08755316;0.089286321;0.090508168;0.134168488;0.181570106
0.007441615;0.013215213;0.020281991;0.026586775;0.037519221;0.04900371;0.048599627;0.053279325;0.064854694;0.066907745;0.068345302;0.076399306;0.085562135;0.086378495;0.083742403;0.103803097;0.27995683;0.007516193;0.013392789;0.020434697;0.02686711;0.037791181;0.049449181;0.049071306;0.053701222;0.065376836;0.067488274;0.068993852;0.077461767;0.086587948;0.087928973;0.088102731;0.128186845;0.173441878
0.007382236;0.013107621;0.01991727;0.026198737;0.037033453;0.048395851;0.048031987;0.052686007;0.064105515;0.06615174;0.067557767;0.075811349;0.08465821;0.085055306;0.081401539;0.10103031;0.277260221;0.007455491;0.013282654;0.02013914;0.026443769;0.037298116;0.048781831;0.048415643;0.053060837;0.064569732;0.066850833;0.068351948;0.076592249;0.085984734;0.086590931;0.0857039;0.125259084;0.169462961
0.007307572;0.013053589;0.01962103;0.025803189;0.036503589;0.047781079;0.04745484;0.052082773;0.063394357;0.065516066;0.066957681;0.0749076;0.084018503;0.083780398;0.079080346;0.098306611;0.273660463;0.007365232;0.013227364;0.01974047;0.026067557;0.036798058;0.04815728;0.047866676;0.052485708;0.063938927;0.066071899;0.067580108;0.07597064;0.08505074;0.085270179;0.083308423;0.12239775;0.165573858
0.00724679;0.01301862;0.019294192;0.025426415;0.036004898;0.047159964;0.046868821;0.051470243;0.062718746;0.064741741;0.066190474;0.07433229;0.083143319;0.082488979;0.076792151;0.095605043;0.271714177;0.007303431;0.013191042;0.019433;0.025631842;0.036291555;0.047526685;0.047234304;0.051828307;0.063162522;0.065453053;0.06699086;0.075124155;0.084420338;0.083934709;0.081006815;0.119573564;0.161734874
0.007185223;0.012909526;0.018984397;0.025016795;0.035534973;0.046533047;0.046274533;0.050884031;0.062032895;0.064165432;0.065602409;0.073452829;0.082521564;0.081240489;0.074512944;0.092940581;0.268057384;0.007240868;0.013079487;0.019118822;0.025291078;0.035883569;0.046801304;0.046702597;0.051303956;0.06255353;0.064615896;0.066237264;0.074474232;0.083515408;0.082673311;0.078678432;0.116804131;0.157969836
0.007154157;0.012818521;0.018668273;0.024649816;0.035057531;0.045944477;0.045707406;0.050288105;0.061337457;0.063373446;0.064853212;0.072848038;0.081672284;0.079974109;0.072272766;0.090307287;0.267029761;0.007209311;0.012930244;0.018798476;0.024867791;0.035396858;0.046249439;0.046090471;0.05066441;0.061761823;0.064054805;0.065621692;0.073649077;0.082944352;0.081393949;0.076392917;0.114105524;0.154300494
0.007122906;0.012726428;0.018367378;0.024251128;0.034573139;0.045348911;0.045165495;0.049716525;0.060674588;0.062771942;0.064275303;0.072030396;0.081066191;0.078746014;0.070047996;0.087416986;0.265187592;0.007177576;0.012873103;0.018493466;0.02450987;0.034870505;0.045603761;0.045573367;0.050117799;0.061131043;0.063281949;0.064884944;0.073012089;0.082064936;0.08012536;0.074143164;0.111471221;0.150717982
0.007059869;0.012615176;0.018059839;0.02391483;0.034082335;0.044746909;0.044613746;0.049134905;0.060001523;0.062041495;0.063542024;0.071435912;0.080199362;0.077525778;0.067849674;0.085579076;0.262275497;0.007126981;0.012777795;0.018181964;0.024120418;0.034436097;0.045119378;0.044978768;0.049494533;0.060407393;0.06269432;0.064315234;0.072205933;0.081465538;0.078893091;0.072038422;0.108858956;0.148463956
0.006996144;0.012577345;0.017746186;0.023524453;0.033648343;0.04417941;0.044052785;0.048575827;0.059318899;0.061453449;0.062972604;0.070636166;0.079607631;0.076338283;0.065702867;0.083648184;0.26008182;0.007048922;0.012720826;0.017864488;0.023768511;0.033930114;0.04454245;0.044473913;0.048991319;0.059795231;0.061942161;0.063558219;0.071617736;0.080609917;0.077667588;0.06974146;0.106270642;0.144920837
0.00693176;0.012521288;0.017446034;0.023170756;0.033175092;0.043604481;0.043514861;0.048006467;0.05866618;0.06074108;0.062253357;0.070050279;0.078803385;0.075129752;0.063584118;0.079910611;0.256333421;0.007022398;0.012681513;0.017579694;0.023364729;0.033510304;0.043958379;0.043894417;0.048381487;0.059093289;0.061366737;0.062996218;0.070790724;0.08002339;0.076447827;0.067608328;0.101278456;0.138089057
0.006866746;0.01242642;0.017158052;0.022787682;0.032725035;0.043061073;0.042967395;0.047457997;0.058003395;0.06016442;0.061724044;0.069266418;0.078223362;0.073950592;0.061516565;0.076347268;0.254032399;0.006955816;0.012584291;0.017287495;0.023017968;0.033021737;0.043405996;0.043399733;0.047855243;0.058497118;0.06066888;0.062286762;0.070210446;0.079150632;0.075257582;0.065530991;0.096581817;0.131663678
0.006846657;0.012347925;0.016863073;0.022459015;0.032267399;0.04250941;0.042471336;0.046928963;0.057368342;0.059467897;0.060984026;0.068687605;0.077399977;0.072773991;0.058376964;0.07160206;0.252140519;0.006922308;0.012468913;0.016988452;0.022642032;0.032585127;0.042845635;0.042803046;0.04725767;0.057814188;0.060067694;0.061730418;0.069435459;0.07861383;0.074045887;0.062304023;0.094639534;0.128990796
0.006813665;0.012233882;0.016578998;0.022081191;0.03183089;0.04195009;0.04193461;0.046359527;0.056759185;0.058866218;0.060459108;0.067917811;0.076830688;0.071622517;0.056687581;0.068455399;0.250956743;0.006876186;0.012370165;0.016700431;0.022318238;0.032084024;0.042277879;0.042317407;0.046768655;0.057231661;0.059384463;0.061031833;0.068826042;0.077761838;0.072884185;0.060378508;0.090462413;0.123279419
0.006747257;0.012153095;0.016287882;0.021754237;0.031386388;0.041419228;0.04141749;0.045838005;0.056103031;0.058184253;0.059762371;0.067344712;0.076026208;0.070470958;0.055041143;0.065511447;0.248541153;0.006833212;0.012287326;0.016405509;0.021926959;0.031687562;0.041738749;0.041762579;0.046180992;0.056529778;0.058827108;0.060448754;0.068064334;0.07719659;0.071722443;0.058582081;0.086591057;0.117987104
0.0066924;0.012095508;0.016006547;0.02139912;0.030987822;0.040880034;0.040890436;0.045305264;0.05550727;0.057625733;0.059209535;0.066553731;0.075466091;0.069340856;0.053025445;0.062527475;0.245389221;0.00674069;0.012245414;0.01613675;0.021604208;0.031227731;0.041191537;0.041283627;0.045696654;0.055959574;0.058122792;0.05979085;0.067461435;0.07636404;0.070560105;0.056456848;0.083407715;0.113633741
0.006624721;0.012054403;0.015733963;0.021072417;0.030527592;0.040333098;0.040408927;0.044761921;0.054865795;0.056955779;0.058522246;0.066051726;0.074678635;0.06818691;0.051839883;0.060107149;0.242869936;0.006707686;0.012203181;0.015844323;0.021235452;0.030813111;0.04067053;0.040738103;0.045090093;0.055308403;0.057572457;0.059242388;0.066711441;0.075842753;0.069396651;0.055155181;0.07991918;0.108867336
0.006568224;0.011954904;0.015469175;0.02071877;0.030136899;0.039844842;0.039889302;0.044235319;0.054281439;0.056403665;0.058002315;0.065337032;0.074126286;0.067073317;0.048679161;0.059044556;0.240294823;0.006649711;0.012101518;0.015560806;0.020912388;0.030364358;0.040140888;0.040264424;0.04460987;0.054747857;0.056880561;0.058561497;0.066243363;0.074992507;0.068273845;0.052481926;0.078455045;0.106866155
0.006545427;0.011870707;0.015221849;0.020408709;0.0296871;0.039314543;0.03941261;0.043724281;0.053652652;0.055744111;0.057322662;0.064707146;0.073354138;0.06595553;0.045862431;0.058472637;0.238987221;0.006614649;0.011983084;0.015385618;0.020562644;0.02993323;0.039635248;0.039726707;0.044064554;0.054076536;0.056335877;0.058015509;0.065405925;0.074477323;0.067146899;0.04953906;0.077755966;0.10591064
0.006510852;0.011769448;0.015166898;0.020038682;0.029302609;0.038807851;0.038899065;0.043202081;0.05307793;0.055227622;0.05680362;0.063970317;0.072808295;0.064833232;0.043370915;0.057903146;0.237666713;0.00657948;0.011911782;0.015329633;0.020238143;0.029518307;0.039120539;0.039257062;0.043586247;0.053556598;0.055654817;0.057370038;0.06484315;0.073677638;0.066015495;0.046875782;0.077066448;0.104968252
0.00645264;0.011683085;0.015111653;0.019742769;0.028861497;0.038292458;0.038426023;0.042694373;0.052491293;0.054606304;0.056158301;0.063438189;0.072049896;0.063745098;0.041263769;0.055769488;0.234988307;0.006520051;0.011823306;0.01527336;0.019888158;0.02909492;0.038597364;0.038725828;0.043045231;0.05292859;0.055054766;0.056825156;0.064111319;0.073133958;0.064898959;0.04449303;0.074510141;0.10147437
0.006393621;0.011639472;0.014985777;0.019389038;0.02848176;0.037828455;0.037917369;0.042175593;0.051893387;0.054032773;0.0556389;0.062709179;0.071509425;0.062649999;0.039264591;0.053839821;0.231661877;0.006448821;0.01177865;0.01514546;0.019577453;0.028709074;0.0380663;0.038283545;0.042568011;0.052352029;0.05447222;0.056156894;0.063550124;0.07234863;0.063795609;0.042385888;0.072287697;0.098436411
0.006333829;0.011595578;0.014916492;0.019088918;0.028047806;0.037295918;0.037470811;0.041694319;0.051314764;0.053389254;0.054997631;0.062206464;0.070763353;0.061547755;0.037498087;0.052099648;0.229490856;0.006398882;0.011718394;0.015016824;0.019241544;0.028313498;0.037614822;0.03775707;0.042030376;0.05173383;0.053934743;0.055639704;0.062825651;0.07184175;0.06270388;0.040558871;0.070327667;0.09575694
0.006273295;0.011491816;0.014788404;0.018802565;0.027693147;0.036841272;0.03696546;0.041177583;0.050783432;0.05287673;0.054503518;0.061454757;0.070227237;0.060474483;0.035996986;0.050520043;0.228088975;0.006347835;0.011627966;0.014944081;0.018981611;0.0279088;0.037123974;0.037315154;0.041553516;0.051164412;0.0532988;0.055002383;0.06229424;0.071068813;0.061604017;0.039012121;0.068692996;0.093521419
0.006248046;0.011417284;0.014687573;0.018733963;0.027264462;0.036348362;0.036541824;0.040719448;0.05018155;0.052239185;0.053839284;0.060950264;0.069492196;0.059392048;0.035323237;0.047800963;0.227248879;0.006311375;0.011521616;0.014841291;0.018911998;0.027474551;0.036624081;0.036815251;0.04104146;0.050611972;0.052790787;0.054483508;0.061575595;0.070533757;0.060513764;0.038348553;0.066247614;0.090174572
0.006212051;0.01131187;0.014643584;0.018679787;0.026910583;0.035900599;0.036060664;0.040181051;0.049597661;0.051727091;0.053368012;0.060233331;0.068989615;0.058317692;0.035016919;;0.22638478;0.006285283;0.011444036;0.014740792;0.018856826;0.027115235;0.036115727;0.036327923;0.040563844;0.05007534;0.052159661;0.053848631;0.061042774;0.069772489;0.059431786;0.038033601;;
0.00616042;0.011220382;0.014571565;0.018555404;0.026486068;0.035389615;0.035590956;0.03974355;0.049085595;0.051121025;0.052706848;0.059726031;0.068263908;0.057267111;0.034728252;;0.224939429;0.006232334;0.011350606;0.014723356;0.018715867;0.0267054;0.035678131;0.03587399;0.040052217;0.049470842;0.051651126;0.053352473;0.060356529;0.069270284;0.058356829;0.037737293;;
0.006097663;0.011174274;0.014468194;0.018443874;0.02613217;0.034947895;0.035110521;0.039227925;0.048479142;0.050608151;0.052231355;0.059013594;0.067733356;0.056204843;0.033686059;;0.223484653;0.00615824;0.011317881;0.014618079;0.018573693;0.026345868;0.035203732;0.035429799;0.039594941;0.0489373;0.051023937;0.05271896;0.059794351;0.068518998;0.057304444;0.036743981;;
0.006044217;0.011142204;0.014376977;0.018301979;0.025729804;0.034470442;0.034682336;0.038786751;0.047995082;0.050004653;0.051596542;0.058503062;0.067016447;0.055163338;0.032774676;;0.222565818;0.006113609;0.01127048;0.014484617;0.018473141;0.025956966;0.034744971;0.034952891;0.039082752;0.048364662;0.05051428;0.052218936;0.059111327;0.068017758;0.056256074;0.035467124;;
0.005989827;0.011048614;0.014257581;0.018173013;0.02539317;0.034032787;0.034201086;0.038270444;0.047393173;0.049515417;0.051116122;0.057820335;0.066515908;0.054124617;0.032218063;;0.221086722;0.00605798;0.011175012;0.014403732;0.018342262;0.025577648;0.034276261;0.034506341;0.03862246;0.047832776;0.049915241;0.051586266;0.058599757;0.067275413;0.055194656;0.035400056;;
0.005962289;0.010967986;0.014137291;0.018100974;0.024991305;0.033560651;0.033789441;0.037845593;0.046908345;0.048913305;0.050504955;0.057305752;0.065806339;0.053087705;0.031869869;;0.219599054;0.006029833;0.011064857;0.014294732;0.018269268;0.025207051;0.033821953;0.034048179;0.038149869;0.047288369;0.049403457;0.051105217;0.057918367;0.066802205;0.054151626;0.03507754;;
0.005934529;0.010872441;0.014115933;0.018042595;0.024634074;0.033125939;0.033306497;0.037327779;0.046310104;0.048420822;0.050018998;0.056624763;0.065305661;0.052066928;0.031570677;;0.21862912;0.006001469;0.010995141;0.014207197;0.018209953;0.024826834;0.033380895;0.033598469;0.037665554;0.046756888;0.048805437;0.050495201;0.05737715;0.066067385;0.053140492;0.035111476;;
0.005878359;0.010789519;0.014055002;0.017924546;0.024249675;0.032657977;0.032889921;0.036916984;0.04584823;0.047819521;0.049406753;0.056155084;0.064602575;0.051045527;0.031440968;;0.217638595;0.00594411;0.010910401;0.014197519;0.018090047;0.024454648;0.032929382;0.033137444;0.037209032;0.046213085;0.048314711;0.049985872;0.056721986;0.06556582;0.052113231;0.035025768;;
0.005821351;0.010740935;0.013945315;0.01781844;0.023906562;0.032247306;0.032423561;0.036416006;0.045276203;0.047346568;0.048936981;0.055450252;0.06410124;0.050037343;0.031394354;;0.215601165;0.00587672;0.010860934;0.01408605;0.01795483;0.024089738;0.032490095;0.032684309;0.036740291;0.045681404;0.047716715;0.049396536;0.056201111;0.064864484;0.051099559;0.034651675;;
0.005763539;0.010692158;0.013859768;0.017683422;0.023536574;0.031781987;0.032019708;0.03599816;0.044810547;0.046745123;0.048322942;0.054973899;0.06342971;0.049055147;0.031392244;;0.214583535;0.005826982;0.010824501;0.013948208;0.017831783;0.023731398;0.032040481;0.032256627;0.036278597;0.045137615;0.047244488;0.048903435;0.055545305;0.06436179;0.050097846;0.035632548;;
0.005713866;0.01060709;0.013760022;0.017547098;0.023188989;0.031370881;0.031549442;0.035493584;0.044238855;0.046267002;0.047867355;0.054293608;0.062926845;0.048068316;0.031592986;;0.213546583;0.005776169;0.010724453;0.013872315;0.017707147;0.023363126;0.031602161;0.031816901;0.035805025;0.044628117;0.046645639;0.04831104;0.055019052;0.063665522;0.049120845;0.036096712;;
0.005684215;0.010546619;0.013634268;0.017485084;0.022815683;0.030927912;0.031138864;0.035086648;0.043769106;0.045708661;0.047250887;0.053810087;0.062259048;0.047103956;0.033139198;;0.21249078;0.005745966;0.010610859;0.013769803;0.017644245;0.023016368;0.031174197;0.03138317;0.035356056;0.044105829;0.046167703;0.047811422;0.054385284;0.063161283;0.048138244;0.035921835;;
0.005654383;0.010433644;0.013595605;0.017422682;0.022478557;0.030535299;0.030681622;0.034577975;0.043219248;0.045224396;0.046787276;0.05315193;0.061778906;0.046132621;;;0.211416585;0.005715588;0.010560223;0.013693559;0.017580959;0.022659234;0.030755707;0.030937773;0.034894831;0.043593362;0.045589114;0.047236209;0.053875785;0.062469419;0.047177019;;;
0.005602789;0.01035782;0.013532129;0.017296731;0.022116071;0.030071984;0.03029738;0.034180234;0.042766282;0.044662707;0.046188195;0.052660818;0.061089626;0.045180553;;;0.209840966;0.005662899;0.010470059;0.013665978;0.017453256;0.022277591;0.030326287;0.03049799;0.03443916;0.043068397;0.045126035;0.046749783;0.053216882;0.061987571;0.046235161;;;
0.005550212;0.010307002;0.013428692;0.017195066;0.021787139;0.029695522;0.029834205;0.033683933;0.042192994;0.044172223;0.045735957;0.052022582;0.06060646;0.044259048;;;0.208737158;0.005600822;0.010430793;0.013560876;0.017324076;0.021944724;0.029905644;0.030079663;0.033988542;0.042552675;0.044544345;0.046169766;0.05272255;0.061299113;0.045284006;;;
0.005496688;0.010268325;0.01334772;0.017053121;0.021419292;0.029250512;0.029440883;0.033276929;0.04175497;0.043627264;0.045132692;0.051544997;0.059944037;0.043326584;;;0.20761618;0.005554675;0.010378917;0.013430791;0.017206219;0.021600975;0.029474341;0.029649185;0.033542503;0.042066281;0.044073836;0.045694863;0.05208286;0.060837439;0.04437573;;;
0.005442253;0.010177861;0.013229779;0.016947861;0.021096899;0.028869004;0.028987494;0.032807586;0.041200264;0.043150047;0.044690263;0.050882044;0.059457218;0.041840478;;;0.20647845;0.00549921;0.010298932;0.013358705;0.017074047;0.02124691;0.029069404;0.029222805;0.033100591;0.04156663;0.04350881;0.045128731;0.051580327;0.060151483;0.042996906;;;
0.005410671;0.010110332;0.01312251;0.016869419;0.020736705;0.028421927;0.02860032;0.032406844;0.040754775;0.04259992;0.044101105;0.050416617;0.058819301;0.041012837;;;0.205324376;0.005475184;0.010193835;0.013249834;0.017020001;0.020909702;0.028653234;0.02880007;0.032662377;0.041054295;0.043050132;0.044644723;0.050937038;0.059685119;0.042141754;;;
0.005386944;0.010017679;0.013079937;0.016803244;0.02041906;0.028052599;0.028154835;0.031929803;0.040216455;0.042134192;0.04364834;0.049771048;0.058350671;0.040206262;;;0.204154356;0.005450876;0.010123458;0.013171956;0.01695299;0.02056194;0.028243808;0.028380547;0.032211767;0.040549432;0.042480229;0.044072402;0.050446871;0.059001209;0.041296584;;;
0.005338647;0.00992416;0.013025508;0.016682214;0.020052057;0.027619732;0.027772171;0.031534064;0.039782356;0.04157849;0.043071692;0.049295744;0.057690644;0.039394397;;;0.202968781;0.005393592;0.010028392;0.01315126;0.016830321;0.020229537;0.027840485;0.027963828;0.031780042;0.040070693;0.042031714;0.043597594;0.049839875;0.058552134;0.0404725;;;
0.005281547;0.009882837;0.012927096;0.016583987;0.019737882;0.027243536;0.027332898;0.031049184;0.039239214;0.041122625;0.042626304;0.048665764;0.057216964;0.03862512;;;0.20176803;0.005327813;0.00999779;0.013051296;0.016706075;0.019874022;0.027426053;0.027549527;0.03133574;0.039578686;0.041456533;0.043036663;0.049340003;0.057869504;0.039655451;;;
0.005231251;0.009841223;0.012838458;0.016435409;0.019388101;0.026822755;0.026953276;0.030672083;0.038814793;0.040579192;0.042042876;0.048199897;0.056578951;0.037847902;;;0.200552476;0.005284262;0.009955328;0.012916512;0.016592375;0.019545184;0.027033526;0.027137274;0.030909001;0.039092491;0.041016655;0.042569443;0.048707346;0.057414464;0.038868666;;;
0.005179941;0.009768393;0.012726189;0.016309708;0.019075692;0.026455203;0.026518693;0.030193469;0.038284568;0.040113502;0.041603647;0.047564362;0.056099792;0.0370859;;;0.199322482;0.005232009;0.009880814;0.012847343;0.016464955;0.019217316;0.026629517;0.026726722;0.030469545;0.038611603;0.040453777;0.042018215;0.048217468;0.056753886;0.038098201;;;
0.005153918;0.009694128;0.012623766;0.016252231;0.018717235;0.026028764;0.026140791;0.029803856;0.037850121;0.039580771;0.041030166;0.047106574;0.055481849;0.036361526;;;0.198078405;0.005205522;0.009782746;0.012743425;0.016406636;0.018878566;0.026230091;0.026317537;0.030046427;0.038117689;0.040003203;0.041557109;0.047617203;0.05629251;0.037330653;;;
0.005127656;0.009596638;0.012577479;0.016194322;0.018416873;0.025668192;0.025709521;0.029344356;0.03731365;0.039139693;0.040595706;0.04646516;0.054996834;0.035637631;;;0.196820594;0.005186103;0.009705788;0.012663957;0.016347891;0.018551987;0.025834742;0.025909405;0.02962452;0.037646332;0.039468417;0.040997272;0.047116718;0.05565208;0.036600878;;;
0.005074431;0.009519957;0.012509338;0.016077229;0.018060524;0.025250579;0.025358256;0.028955848;0.03688656;0.038598646;0.040030628;0.046014196;0.054377035;0.034936799;;;0.195130526;0.005131842;0.009627504;0.012649009;0.01621744;0.018225491;0.025442992;0.025502024;0.029203533;0.037161695;0.039006795;0.040541186;0.046509164;0.055204265;0.035883479;;;
0.005020303;0.009475783;0.012425757;0.015970013;0.01775908;0.024895165;0.024902941;0.028499424;0.036377284;0.038146087;0.039599668;0.04538461;0.053905959;0.034257829;;;0.194678853;0.005069648;0.009582541;0.012542495;0.01609716;0.017898815;0.025054388;0.025107938;0.028783189;0.036681198;0.038480483;0.039988858;0.046034454;0.054542074;0.035189261;;;
0.004972229;0.009431366;0.012350933;0.015838068;0.017414174;0.024484509;0.024537569;0.028110954;0.035955629;0.037613277;0.03908936;0.044939044;0.053283807;0.03361137;;;0.193376984;0.005027622;0.009547935;0.012413826;0.015975262;0.017571714;0.02465434;0.024700964;0.028363224;0.036221035;0.038040733;0.039584564;0.045436915;0.054087005;0.034505317;;;
0.004923073;0.00935226;0.012232776;0.015716076;0.017110471;0.024118807;0.024109039;0.027656457;0.035437784;0.037181517;0.038612943;0.044319648;0.052825207;0.032961455;;;0.192466632;0.004977484;0.009467122;0.012346677;0.015863105;0.017254234;0.024284944;0.024306268;0.027930314;0.035747303;0.037504885;0.03900611;0.044950084;0.05346235;0.033842594;;;
0.00489473;0.009282211;0.012134187;0.015654492;0.0167748;0.023713744;0.023741425;0.02727984;0.0350204;0.036655159;0.038045063;0.04386096;0.05220025;0.032342427;;;0.191135634;0.004948658;0.009364525;0.012246695;0.015800723;0.016935413;0.023903321;0.023910786;0.027523418;0.035276531;0.0370527;0.038556152;0.044361314;0.053018593;0.033212104;;;
0.004872872;0.009190389;0.012084383;0.015592522;0.016477595;0.023364269;0.023324396;0.026825983;0.034493874;0.036210353;0.037617916;0.043250508;0.051752768;0.031742012;;;0.190187249;0.00492632;0.009301915;0.012175858;0.015737959;0.016615055;0.023523278;0.023526184;0.027103097;0.034824111;0.036523184;0.037999333;0.043879407;0.052371819;0.032601419;;;
0.004821665;0.00911769;0.012014057;0.015478498;0.016139367;0.022962982;0.022953464;0.026446873;0.034079686;0.035689346;0.037070162;0.042812162;0.051143038;0.031171537;;;0.18882859;0.004874168;0.009217596;0.012145377;0.015622383;0.016302594;0.023144475;0.023128244;0.026682191;0.034342444;0.036089463;0.037566199;0.043297982;0.051938358;0.032021976;;;
0.004792443;0.009070891;0.011932987;0.015373683;0.015846874;0.022614317;0.022545897;0.026004839;0.033574703;0.035246702;0.036643267;0.042208977;0.050686973;0.030595495;;;0.18784387;0.004850985;0.009179983;0.012052746;0.015505093;0.015987816;0.02276659;0.022740332;0.026284883;0.033893672;0.035564676;0.037028399;0.042836335;0.051306965;0.031437885;;;
0.004769488;0.009033735;0.011850146;0.015256119;0.015523479;0.022215467;0.022181874;0.025634189;0.033162213;0.034744634;0.036098811;0.041756171;0.050091063;0.030060921;;;0.186839283;0.004814615;0.009142028;0.011929009;0.015386125;0.015670565;0.022389317;0.022350369;0.025873746;0.033431038;0.035132108;0.036595149;0.042244377;0.050864324;0.030896665;;;
0.004746241;0.008958398;0.011746114;0.015115493;0.015233696;0.021866465;0.021770681;0.025178365;0.032661459;0.034302814;0.03567124;0.041159197;0.049626273;0.029058564;;;0.185439525;0.004790968;0.00905541;0.011853245;0.015265517;0.015368723;0.022024541;0.021969224;0.025460995;0.032969721;0.034610828;0.036059768;0.04176874;0.050229148;0.029872384;;;
0.004716375;0.00888173;0.011640867;0.015060713;0.014904748;0.021468842;0.021422682;0.024814658;0.032249554;0.033788529;0.035129018;0.040723584;0.049025434;0.028133118;;;0.1840297;0.004773373;0.008967768;0.011756314;0.015199273;0.015063352;0.021647383;0.021596137;0.025058058;0.032523893;0.034178378;0.035625508;0.041198139;0.049794988;0.028929048;;;
0.004692617;0.008794354;0.011606905;0.015005474;0.01462485;0.021130112;0.021017352;0.024379113;0.031751805;0.033360937;0.034713853;0.040131355;0.048586439;0.027292331;;;0.183344052;0.004742832;0.008897982;0.011683396;0.015143304;0.01475434;0.021281689;0.021219712;0.024652762;0.032078338;0.033673715;0.035091537;0.040739667;0.049172985;0.028087022;;;
0.004668582;0.008715282;0.011543931;0.014883167;0.014314739;0.020732375;0.020661798;0.024009205;0.031353402;0.032862187;0.034186407;0.039695524;0.047980143;0.026535474;;;0.182268884;0.004724576;0.008817403;0.01165798;0.015030022;0.014458517;0.020915054;0.020850294;0.02424494;0.031604819;0.033240213;0.034655424;0.040157068;0.048746023;0.027319974;;;
0.004644276;0.008684501;0.011454993;0.014790406;0.014033767;0.020401803;0.020260738;0.023580339;0.030857294;0.032432836;0.033781707;0.039106906;0.04753125;0.02586548;;;0.181175995;0.004699774;0.008776664;0.011567678;0.014914981;0.014158139;0.020558462;0.020466577;0.023845501;0.031159518;0.032722399;0.034149194;0.039698704;0.048135717;0.02664293;;;
0.004619702;0.008653287;0.011373748;0.01465444;0.013723092;0.020013681;0.019927216;0.023225182;0.030456838;0.031934011;0.03324021;0.038669961;0.046952512;0.025274811;;;0.180065797;0.00467471;0.00872648;0.01144796;0.014798216;0.013861259;0.020189064;0.020099379;0.023453771;0.030713755;0.032314403;0.033710074;0.039134114;0.047698147;0.02604785;;;
0.004594866;0.008562544;0.01126327;0.014537506;0.013455651;0.019678409;0.019528407;0.022790419;0.02996134;0.031502063;0.032831305;0.038083885;0.04650975;0.024757272;;;0.178938692;0.004649388;0.008661725;0.011373256;0.014679764;0.013575299;0.019839617;0.019737579;0.023058361;0.030267303;0.031796493;0.03320229;0.038689587;0.047098396;0.025528001;;;
0.004569772;0.008488689;0.011169826;0.014478411;0.013150557;0.019297939;0.019213808;0.022437289;0.02955799;0.0310154;0.03231489;0.03765952;0.045923976;0.024307387;;;0.177795075;0.004623812;0.008568657;0.011278496;0.014619916;0.013283583;0.019476996;0.019370749;0.022669718;0.029819947;0.031384746;0.03278567;0.038126158;0.046666378;0.025093658;;;
0.004544425;0.008404719;0.011140538;0.014418904;0.012886145;0.018967389;0.018815395;0.02202696;0.029074994;0.030592843;0.031900772;0.037089107;0.045486451;0.023625327;;;0.176635332;0.004597988;0.008501045;0.01121255;0.014559659;0.013001439;0.019122355;0.019008445;0.022287241;0.029384392;0.03089189;0.032275171;0.037679242;0.046059915;0.024413706;;;
0.004524727;0.008328306;0.011074916;0.014308605;0.012592059;0.018592567;0.018478926;0.021674153;0.028680434;0.030103554;0.031394209;0.036661264;0.044909139;0.023140706;;;0.17545984;0.004566018;0.008431877;0.011182284;0.014447899;0.01272039;0.018774924;0.018659631;0.021900057;0.028947118;0.030475303;0.031853116;0.037116039;0.045648372;0.024123346;;;
0.004498835;0.008293897;0.010978575;0.014206331;0.012343461;0.018264944;0.018107806;0.021265082;0.028207838;0.029688738;0.030999189;0.036090669;0.044475819;0.022987048;;;0.174602461;0.004545611;0.008388149;0.011084654;0.014324485;0.012447408;0.018424016;0.018304556;0.021528346;0.028507936;0.029979464;0.031364398;0.03668005;0.045050366;0.024004707;;;
0.004472704;0.008250609;0.010898286;0.014072893;0.012057541;0.017903668;0.017795287;0.020931212;0.027844812;0.029208278;0.030488196;0.035686265;0.043890524;0.022935787;;;0.173063078;0.004524864;0.008352684;0.010968157;0.014209276;0.01218167;0.018079268;0.017961635;0.021151117;0.028054314;0.029569862;0.030948457;0.036143803;0.044626556;0.023971347;;;
0.004452079;0.008171665;0.010790353;0.013957382;0.011814532;0.01757715;0.017429476;0.020531556;0.027343974;0.028799498;0.030097904;0.035114239;0.043475727;0.022890468;;;0.172168202;0.004498037;0.008272265;0.010902562;0.014102;0.011915201;0.017730407;0.017611706;0.020778138;0.027635276;0.029082414;0.030454435;0.035703094;0.044036062;0.02394432;;;
0.004425431;0.008108024;0.010698334;0.013903774;0.011541388;0.017217468;0.017119763;0.020184831;0.026949798;0.028314;0.029593719;0.034703962;0.042897009;0.022839033;;;0.171251312;0.00447668;0.008190658;0.010809214;0.014038045;0.01165469;0.017386734;0.017281701;0.020418676;0.027213078;0.028690326;0.030055468;0.035150551;0.043630047;0.023995677;;;
0.004398557;0.008034597;0.010664462;0.013840169;0.011301659;0.016899773;0.016757291;0.01980237;0.026492692;0.027921767;0.029218729;0.034156313;0.042469452;0.022966233;;;0.169994889;0.004449353;0.008107896;0.010732276;0.013983279;0.011399431;0.017047618;0.016943747;0.020062238;0.026775739;0.028209373;0.02957927;0.034731464;0.043030958;0.02430041;;;
0.004377052;0.007959799;0.010604813;0.013730715;0.011019578;0.016549039;0.016457353;0.019479925;0.026137463;0.027441987;0.02871966;0.033739252;0.041911002;0.023159674;;;0.169039187;0.004427406;0.008032048;0.01071438;0.013872361;0.011129705;0.016712456;0.016615322;0.01969882;0.026346922;0.027808761;0.029171226;0.034202112;0.042626493;0.024658574;;;
0.004349689;0.007913935;0.010509826;0.013638096;0.01079718;0.016237822;0.016090039;0.019020162;0.025650672;0.027052401;0.028381466;0.033187585;0.04148494;0.023512365;;;0.168062859;0.004399596;0.008001605;0.010618093;0.013750264;0.010878782;0.016389621;0.016254679;0.019283112;0.02593748;0.027332853;0.028734465;0.033775948;0.042047626;0.025182435;;;
0.004327604;0.007875764;0.010438067;0.01349712;0.010550635;0.01590245;0.015807304;0.018723416;0.025274501;0.026588267;0.027850877;0.0328018;0.040930691;;;;0.166759447;0.004377077;0.007970724;0.010503908;0.013645109;0.010644747;0.016060518;0.015944553;0.018937282;0.025523637;0.026946181;0.028316322;0.033241586;0.041643758;;;;
0.004305213;0.007798457;0.01033183;0.013391515;0.010340026;0.015604049;0.015488914;0.018362528;0.024825939;0.026199808;0.027535326;0.032257631;0.04051938;;;;0.165746835;0.004354256;0.007892056;0.010437584;0.013528844;0.010413248;0.015733715;0.015624758;0.01860184;0.025105257;0.026485071;0.027892816;0.032833453;0.041083282;;;;
0.004282521;0.007735256;0.010240477;0.013333446;0.010084895;0.015264077;0.015211029;0.018075355;0.024483533;0.0257379;0.026809032;0.031875142;0.039968245;;;;0.164714891;0.004320327;0.007804453;0.010344994;0.013470067;0.010190358;0.015417229;0.015345737;0.018266969;0.024693259;0.026110184;0.027320818;0.032331198;0.04067912;;;;
0.004259533;0.00764768;0.010202209;0.01327495;0.009896861;0.014975999;0.014905557;0.017724318;0.024025573;0.025360376;0.026475753;0.031349406;0.039556417;;;;0.163664045;0.004302367;0.007746214;0.010274125;0.013419944;0.0099754;0.015110181;0.015047468;0.01795042;0.02430894;0.025650452;0.026870298;0.031926249;0.040107671;;;;
0.004230949;0.007574064;0.010131737;0.013156693;0.009670256;0.014654685;0.014647146;0.017444836;0.023638538;0.024921146;0.026023552;0.030956458;0.039007535;;;;0.162301948;0.004278714;0.007671199;0.010250894;0.01330019;0.009767757;0.01480346;0.014746605;0.017633373;0.023896988;0.025296559;0.026526446;0.031403497;0.039716352;;;;
0.004207429;0.007540447;0.010053236;0.013072225;0.009495681;0.014374294;0.014352248;0.017110541;0.023213432;0.024552493;0.02570897;0.030434958;0.038607933;;;;0.161507309;0.004254778;0.007622045;0.010163182;0.013187682;0.00956687;0.014496626;0.014484012;0.017324411;0.023511413;0.024836598;0.026085932;0.031013056;0.039147218;;;;
0.004183626;0.007499085;0.009980667;0.012941537;0.009275571;0.014060502;0.014111033;0.016845805;0.022866631;0.024188727;0.025265566;0.02982689;0.038060326;;;;0.160402228;0.004235783;0.007594841;0.010042755;0.013082181;0.009365777;0.014205378;0.014201158;0.017023004;0.02310876;0.024589868;0.025749592;0.030324937;0.038767348;;;;
0.004159546;0.007430034;0.009875487;0.012835486;0.0091062;0.01374655;0.01382464;0.016517288;0.022439512;0.023839403;0.024946053;0.029345172;0.037671585;;;;0.159279864;0.004211249;0.007517175;0.009982913;0.012966019;0.00917696;0.013873617;0.013946971;0.016737493;0.022731018;0.024150896;0.025317393;0.02995945;0.038212796;;;;
0.004135194;0.007373793;0.00978424;0.012773098;0.008903575;0.013451959;0.013598697;0.016265495;0.021928226;0.023428852;0.024574707;0.029000913;0.037124319;;;;0.158419941;0.004186445;0.007431072;0.009890425;0.012911624;0.008999975;0.013601142;0.013688152;0.016440908;0.022143789;0.023812244;0.025030729;0.029478859;0.037829828;;;;
0.004115649;0.00728044;0.009749331;0.012718919;0.008744368;0.013201626;0.013335162;0.015958442;0.021507521;0.023095089;0.024216684;0.02851918;0.03674516;;;;0.157260894;0.004161378;0.007372202;0.009824728;0.012856756;0.008828046;0.013318216;0.013456884;0.016159326;0.021792046;0.023390842;0.024572464;0.02913574;0.037288391;;;;
0.004090719;0.007214076;0.009691457;0.012609151;0.008564103;0.012917009;0.013114794;0.015717964;0.021170136;0.022700198;0.023850095;0.028183915;0.036210089;;;;0.156085728;0.00413605;0.007297597;0.009803923;0.012745618;0.008654434;0.013055565;0.013220223;0.01588351;0.02143201;0.023067153;0.024300705;0.028654743;0.036914503;;;;
0.004065531;0.007176851;0.009604567;0.012522821;0.008407551;0.012682345;0.012864359;0.015430537;0.020803996;0.022369653;0.023506659;0.027724141;0.035839198;;;;0.155164512;0.004115464;0.007259782;0.009708331;0.012632639;0.008491824;0.012789241;0.012977869;0.015621807;0.021073574;0.022661111;0.023858617;0.028308638;0.036384663;;;;
0.004045034;0.007139287;0.009530668;0.012392435;0.008242289;0.012412857;0.012664538;0.0152087;0.020518113;0.021988463;0.023111729;0.027396381;0.03531484;;;;0.154221634;0.004084631;0.007228504;0.009596606;0.01252623;0.008340136;0.012534077;0.012762032;0.015365137;0.020706409;0.02235051;0.023546963;0.027861063;0.036005972;;;;
0.004019297;0.007101387;0.00943313;0.012285387;0.00810729;0.012183957;0.012434077;0.014930753;0.020123988;0.021669932;0.022823615;0.026945072;0.034938591;;;;0.152994021;0.004068372;0.007189973;0.00953457;0.012417878;0.008192824;0.012289395;0.012548115;0.015113207;0.02038952;0.021947518;0.023161998;0.027522432;0.035473936;;;;
0.003998175;0.007063158;0.009334185;0.012227031;0.007950199;0.011927251;0.012245908;0.014717824;0.019808651;0.021300581;0.022441439;0.02663495;0.03442368;;;;0.152012211;0.004041961;0.007151116;0.009448793;0.012358855;0.008049868;0.012054588;0.012344098;0.014874473;0.020052929;0.021648369;0.022862947;0.027071387;0.035127125;;;;
0.003971909;0.00703131;0.009309076;0.01217642;0.00783058;0.011717145;0.012034739;0.014456907;0.019473393;0.021002584;0.022175157;0.026190538;0.03406583;;;;0.151010043;0.00402014;0.007118667;0.009380295;0.012307616;0.007918051;0.011821639;0.012141677;0.014640012;0.019716161;0.021277515;0.022501036;0.026750481;0.034604134;;;;
0.003950181;0.007005712;0.009269207;0.012065567;0.007688596;0.011471104;0.011857863;0.014260849;0.019166365;0.02065344;0.021814716;0.025896584;0.033558922;;;;0.149987945;0.003998002;0.007072441;0.009332945;0.012195477;0.00779094;0.011590137;0.011957295;0.01441841;0.019398242;0.020988231;0.022213338;0.02632902;0.034250466;;;;
0.003928138;0.006953145;0.009160137;0.011976934;0.007578606;0.011270525;0.01165755;0.014024986;0.018848463;0.020364238;0.021558655;0.025468883;0.033001;;;;0.148946334;0.003975551;0.007039266;0.009265175;0.012089551;0.00767572;0.011374574;0.0117745;0.014200814;0.019088909;0.020617013;0.021862521;0.026012931;0.033613181;;;;
0.003905783;0.006920159;0.009091375;0.011854215;0.00745301;0.011048212;0.011508864;0.0138456;0.018557711;0.020023592;0.021208224;0.025178528;0.032538964;;;;0.14788562;0.003948086;0.00701228;0.009160623;0.011981652;0.007558954;0.011159654;0.011610152;0.013995988;0.018778122;0.020346418;0.021595648;0.02559655;0.03327764;;;;
0.003883123;0.006886773;0.008986368;0.011745601;0.007354208;0.010863195;0.011328217;0.013617018;0.018245889;0.019751984;0.020961536;0.024788463;0.032203316;;;;0.146806202;0.003920399;0.006965172;0.009095947;0.011871814;0.00745514;0.010959955;0.011447714;0.013795119;0.018475157;0.02000377;0.021254781;0.025295533;0.032782754;;;;
0.003860161;0.006852992;0.008907129;0.011698407;0.007239997;0.010648393;0.011183516;0.013454503;0.017969885;0.019428521;0.020630518;0.024511896;0.031734119;;;;0.145708474;0.003901744;0.006937351;0.009008742;0.011824047;0.007350562;0.01076779;0.011287278;0.013607203;0.018189194;0.019750603;0.021007887;0.024905527;0.032462213;;;;
0.003836903;0.00681882;0.008876903;0.011642865;0.007162345;0.01047801;0.011023739;0.013251196;0.017681742;0.019173387;0.020403011;0.024124355;0.031412422;;;;0.144833093;0.003882718;0.006902601;0.00894426;0.011767899;0.007253;0.010582986;0.01114654;0.013423441;0.017900753;0.019425007;0.020697085;0.024618457;0.031972257;;;;
0.003813353;0.006784264;0.008819362;0.011538095;0.007070242;0.010284769;0.010892794;0.013097299;0.017419189;0.018896068;0.020090639;0.023860661;0.030946866;;;;0.143697125;0.003849682;0.006867468;0.008919853;0.011661956;0.007163322;0.010397883;0.010999739;0.01324394;0.017628651;0.019147924;0.020459126;0.024242208;0.031677104;;;;
0.003789516;0.006749327;0.008729934;0.011454283;0.006986818;0.010128692;0.010747016;0.012911218;0.017143975;0.018626471;0.019871494;0.023485763;0.030637904;;;;0.142778849;0.003834551;0.006831959;0.008835952;0.011554016;0.0070746;0.010227507;0.010864881;0.013078144;0.017363073;0.018868662;0.020156716;0.023968189;0.031202408;;;;
0.003765396;0.006714015;0.008665039;0.011330153;0.006905113;0.00994934;0.010641163;0.012776219;0.016903398;0.018344267;0.019577312;0.023234197;0.030186289;;;;0.141374092;0.003810045;0.006796077;0.008730584;0.011451726;0.007003834;0.010064394;0.010742812;0.01291721;0.017103803;0.018647886;0.019937967;0.023604658;0.030896546;;;;
0.003745419;0.006678332;0.008565619;0.0112269;0.006834321;0.009807835;0.010502539;0.012608884;0.016640209;0.018109883;0.01937699;0.022882181;0.0298889;;;;0.140646742;0.003789697;0.006759828;0.008662885;0.011347358;0.00692779;0.009908675;0.010625113;0.01276144;0.016850655;0.018353598;0.019654194;0.023354278;0.030435847;;;;
0.003720708;0.006648498;0.008477573;0.011174502;0.006758582;0.009642765;0.010406369;0.012485265;0.016411463;0.017842371;0.019100916;0.022642226;0.029449879;;;;0.139665963;0.003764607;0.00671698;0.00858021;0.011294405;0.006864103;0.009752706;0.010512375;0.012630598;0.016613105;0.018138221;0.019454824;0.023013921;0.030141589;;;;
0.003700075;0.006605873;0.008455204;0.011121593;0.006714486;0.009516806;0.01028695;0.012329012;0.016169303;0.017633151;0.01890907;0.022312446;0.029151784;;;;0.138664318;0.003743609;0.006692442;0.008519011;0.011240943;0.006805641;0.009612432;0.010405294;0.012486655;0.016381505;0.017869071;0.019178976;0.022775515;0.029693558;;;;
0.003674793;0.006569106;0.008400509;0.011021636;0.00664009;0.009367163;0.0102036;0.01222881;0.015961765;0.017411115;0.018651353;0.022095127;0.028735359;;;;0.13764222;0.003717952;0.006655075;0.008495725;0.011139919;0.006744247;0.00948052;0.01030468;0.012349235;0.016155809;0.017648595;0.018999492;0.022446494;0.029409897;;;;
0.003653523;0.006538073;0.008315258;0.01093417;0.006591642;0.009258588;0.010076628;0.012075731;0.01573093;0.017196708;0.018479346;0.021570091;0.028458102;;;;0.136600072;0.003696324;0.00661736;0.00840946;0.01103677;0.006690156;0.009349276;0.010211478;0.012239432;0.015936013;0.017425563;0.018753671;0.021924748;0.028950826;;;;
0.003631924;0.006500563;0.008246854;0.010815359;0.006542412;0.009126455;0.010020176;0.011981638;0.015544958;0.016958688;0.01822968;0.021078673;0.028051774;;;;0.135538271;0.003674368;0.006585369;0.008308995;0.010931527;0.006645077;0.009227329;0.010116123;0.012117431;0.015732019;0.017241934;0.018572997;0.021426158;0.028676913;;;;
0.00361;0.006468713;0.00816406;0.010716277;0.00650389;0.009029595;0.009863859;0.011780414;0.01533557;0.016791463;0.018078681;0.020621917;0.027772183;;;;0.134457203;0.003647876;0.006552955;0.008244041;0.010831431;0.006600332;0.009115483;0.009954293;0.011900585;0.015534223;0.017003261;0.018347258;0.020963089;0.028261942;;;;
0.003587758;0.006430479;0.008067293;0.010665919;0.006445349;0.008909259;0.009732949;0.01158941;0.015152158;0.016569072;0.017849005;0.020189708;0.027308746;;;;0.133569397;0.003616961;0.006514135;0.008164689;0.010780569;0.006527411;0.009005922;0.009817276;0.011715665;0.015342794;0.01684732;0.018188472;0.020525328;0.027929962;;;;
0.0035652;0.006397833;0.008045521;0.01062214;0.006381367;0.008818095;0.009484142;0.011275196;0.014965197;0.016408565;0.017709405;0.019796235;0.027103497;;;;0.132448533;0.003606592;0.006474983;0.008100019;0.010729169;0.006471684;0.008908177;0.009595195;0.011403539;0.015157957;0.016625044;0.017972835;0.020127071;0.027580022;;;;
0.003542332;0.006364775;0.007987013;0.010518679;0.006283336;0.008712598;0.009320463;0.011039563;0.014805384;0.016202893;0.017374825;0.019432639;0.026725538;;;;0.131309543;0.003583378;0.006447318;0.00808342;0.010631857;0.006394457;0.008814332;0.009450541;0.011170766;0.014979998;0.016487865;0.017633647;0.019759357;0.027334309;;;;
0.003519159;0.006331311;0.00791079;0.010434092;0.006219286;0.008639574;0.009224893;0.010851815;0.014621929;0.016061272;0.017067291;0.019102739;0.026472482;;;;0.130563098;0.003559861;0.006413302;0.008000266;0.010532312;0.006378127;0.008725181;0.009360036;0.011002959;0.014819693;0.016283437;0.017321942;0.019425948;0.02693688;;;;
0.003499714;0.006303251;0.007844371;0.010326239;0.006240857;0.008533884;0.009151463;0.010735221;0.014477229;0.015753719;0.016791385;0.018509866;0.02610185;;;;0.129384264;0.00354009;0.006367231;0.007897508;0.010430561;0.00641587;0.008641661;0.009313941;0.01091126;0.014656771;0.015971189;0.017042226;0.018827502;0.026698755;;;;
0.003475908;0.006263182;0.007752426;0.010223201;;0.008484001;0.009135653;0.010675975;0.014308966;0.015491542;0.016526947;0.018016069;0.025855672;;;;0.128389048;0.003515945;0.006344079;0.007840138;0.010333542;;0.008564868;0.009332368;0.010859939;0.014502025;0.015645435;0.016787242;0.018344484;0.026319927;;;;
0.003451811;0.006228527;0.007670344;0.010174296;;0.00839163;0.009158495;0.010606887;0.014192439;0.015233016;0.016291694;0.017609916;0.025502674;;;;0.127571193;0.003495489;0.006308881;0.007757182;0.010284179;;0.008496087;0.009364156;0.010852554;0.014356054;0.015392806;0.016549125;0.017952497;0.026077839;;;;
0.003431356;0.006193484;0.007642961;0.010131648;;0.00833954;;;0.013934922;0.014981437;0.016078497;0.017297621;0.025262967;;;;0.126531829;0.003470736;0.006267585;0.007694793;0.010234252;;0.008426013;;;0.014093325;0.015186391;0.016347332;0.017639695;0.025716937;;;;
0.003410552;0.006158057;0.007592085;0.010030966;;0.00822623;;;0.013698739;0.014767759;0.01589407;0.017009044;0.024927049;;;;0.125472078;0.003449614;0.006237334;0.007678083;0.010139518;;0.008307606;;;0.013863739;0.014982108;0.016160826;0.017450003;0.025503912;;;;
0.003389404;0.006127865;0.007500522;0.00995492;;0.008133199;;;0.01347754;0.0145872;0.015581023;0.016818089;0.024704599;;;;0.124584471;0.003428151;0.006206633;0.007597008;0.010042454;;0.008196061;;;0.013637775;0.014798076;0.015843329;0.017290249;0.02514929;;;;
0.003364082;0.006091647;0.00744648;0.009842929;;0.007973129;;;0.013290098;0.014271613;0.015292495;0.016681817;0.024385416;;;;0.123482943;0.0034025;0.006169883;0.007502713;0.009943084;;0.008047751;;;0.01345834;0.014490438;0.015658837;0.017164325;0.02494295;;;;
0.003342291;0.006060598;0.007356635;0.009748694;;0.007855909;;;0.013118688;0.014017738;0.015143758;0.016619198;0.024169097;;;;0.122550176;0.003384217;0.006138331;0.007440203;0.009848073;;0.007964066;;;0.013282364;0.01431644;0.015494526;0.017143554;0.024605395;;;;
0.003323943;0.006023608;0.00728151;0.009700688;;0.007785353;;;0.012970709;0.013858791;0.01500481;0.016651481;0.023667574;;;;0.121594419;0.003361755;0.006106343;0.007364315;0.009799679;;0.00791791;;;0.013143815;0.014158019;0.015379728;0.017294469;0.024096409;;;;
0.003301466;0.005991722;0.007254128;0.009652092;;0.007776954;;;0.012719691;0.013751469;0.014928176;;0.023189253;;;;0.12061607;0.00333897;0.00606843;0.007309069;0.009757288;;0.007940665;;;0.01291524;0.014048417;0.015329584;;0.023600009;;;;
0.003278667;0.005975707;0.007204299;0.009559654;;0.00783303;;;0.012541891;0.013694531;0.014899766;;0.02273483;;;;0.119615518;0.003319594;0.006019256;0.007286346;0.009670606;;0.008002205;;;0.012765304;0.01401037;0.015329561;;0.023151193;;;;
0.003259235;0.00592127;0.007130433;0.00948418;;;;;0.012441149;0.013675473;0.01488456;;0.022305438;;;;0.118593143;0.003296145;0.005996963;0.007211755;0.009568416;;;;;0.012655906;0.014010947;0.015379649;;0.022716739;;;;
0.003235777;0.005893504;0.007065155;0.00939319;;;;;0.012464507;0.01366053;;;0.021902713;;;;0.117549318;0.003276053;0.005968732;0.007118878;0.009476819;;;;;0.012613901;0.014155932;;;0.022309697;;;;
0.003215635;0.005859927;0.006981637;0.009280618;;;;;0.012383118;0.013706334;;;0.021528856;;;;0.116660831;0.003251957;0.005929316;0.007061547;0.00938275;;;;;0.01258755;0.014161829;;;0.021932238;;;;
0.003191535;0.005825939;0.006906661;0.009239377;;;;;0.012368035;;;;0.020854302;;;;0.115573297;0.003231169;0.00590551;0.006985885;0.009334795;;;;;0.012642828;;;;0.021252381;;;;
0.003170701;0.005791543;0.006878855;0.009191159;;;;;0.012459221;;;;0.020255317;;;;0.114638143;0.003210025;0.005870596;0.006936702;0.009292584;;;;;0.012748287;;;;0.0206639;;;;
0.003149514;0.005756746;0.006834751;0.009105454;;;;;;;;;0.019762421;;;;0.113679329;0.003184975;0.005840533;0.00691332;0.009199895;;;;;;;;;0.020156034;;;;
0.003127979;0.005726738;0.006760618;0.009029638;;;;;;;;;0.019325694;;;;0.112697232;0.003166687;0.005804789;0.006838536;0.009117243;;;;;;;;;0.019734928;;;;
0.003109582;0.00569627;0.006699703;0.008926286;;;;;;;;;0.018983682;;;;0.111692218;0.003144502;0.005773837;0.006751225;0.009031937;;;;;;;;;0.01939472;;;;
0.003087334;0.005660222;0.006615961;0.008839013;;;;;;;;;0.018696965;;;;0.11083048;0.003125451;0.00573728;0.006692641;0.008937803;;;;;;;;;0.019109912;;;;
0.00306475;0.005639065;0.006545312;0.008797462;;;;;;;;;0.018429581;;;;0.109778983;0.003102566;0.005700339;0.006621405;0.008895954;;;;;;;;;0.018967586;;;;
0.003045238;0.005597089;0.006511641;0.008749119;;;;;;;;;0.018289512;;;;0.108868137;0.00308277;0.005668104;0.006587456;0.008853433;;;;;;;;;0.018839579;;;;
0.003021968;0.005564857;0.006477376;0.008668779;;;;;;;;;0.018128544;;;;0.107932478;0.003062596;0.005640483;0.006552914;0.008766382;;;;;;;;;0.018726276;;;;
0.003001725;0.005532186;0.006407077;0.008597799;;;;;;;;;0.018133615;;;;0.106972367;0.003038678;0.00560734;0.006482061;0.008682745;;;;;;;;;0.018811709;;;;
0.00298111;0.005504048;0.00634433;0.008476478;;;;;;;;;0.018306183;;;;0.105988155;0.003017784;0.005578758;0.006398913;0.008572837;;;;;;;;;0.019112424;;;;
0.002960127;0.005470482;0.006274194;0.00839681;;;;;;;;;;;;;0.104980187;0.002996525;0.005544724;0.006343218;0.008492665;;;;;;;;;;;;;
0.002938782;0.005436492;0.006201671;0.008355925;;;;;;;;;;;;;0.104103496;0.002971612;0.005510266;0.006275119;0.008451529;;;;;;;;;;;;;
0.002917077;0.005406955;0.006166951;0.008314341;;;;;;;;;;;;;0.103047461;0.002952924;0.005480292;0.006240154;0.008421651;;;;;;;;;;;;;
0.002898244;0.005372095;0.006121927;0.008234991;;;;;;;;;;;;;0.102120362;0.002937078;0.005449842;0.00620946;0.008329876;;;;;;;;;;;;;
0.002875808;0.005341637;0.006068526;0.008182244;;;;;;;;;;;;;0.101318199;0.002914346;0.005409234;0.006145902;0.008247216;;;;;;;;;;;;;
0.002856204;0.005320287;0.006021049;0.008085339;;;;;;;;;;;;;0.100339146;0.002894465;0.005377904;0.006073956;0.008179397;;;;;;;;;;;;;
0.00283621;0.005279319;0.005942223;0.008003221;;;;;;;;;;;;;0.099335319;0.002874194;0.005355683;0.006018728;0.008090982;;;;;;;;;;;;;
0.002815828;0.005247467;0.005879963;0.00796108;;;;;;;;;;;;;0.098453224;0.002853537;0.005323374;0.005956065;0.008054495;;;;;;;;;;;;;
0.002798175;0.005219862;0.00584549;0.007924028;;;;;;;;;;;;;0.097544249;0.002835629;0.005290611;0.005921377;0.008017263;;;;;;;;;;;;;
0.002777009;0.005187073;0.005815094;0.007847689;;;;;;;;;;;;;0.096608704;0.002814191;0.005262101;0.005890796;0.007934745;;;;;;;;;;;;;
0.002755469;0.005158484;0.005747624;0.007785677;;;;;;;;;;;;;0.095646891;0.002792379;0.005228412;0.005827647;0.00786089;;;;;;;;;;;;;
0.002736602;0.005124776;0.005705584;0.007697563;;;;;;;;;;;;;0.094659102;0.002767135;0.005194281;0.005757152;0.007789795;;;;;;;;;;;;;
0.0027143;0.005099813;0.005632768;0.007629425;;;;;;;;;;;;;0.093785424;0.002753731;0.005168954;0.005707454;0.007715639;;;;;;;;;;;;;
0.002694636;0.005065172;0.005566613;0.007591332;;;;;;;;;;;;;0.092883859;0.002733797;0.005133892;0.005645626;0.007677412;;;;;;;;;;;;;
0.002677552;0.005034638;0.005544086;0.007552471;;;;;;;;;;;;;0.091954686;0.002710459;0.005102968;0.00561369;0.007638419;;;;;;;;;;;;;
0.002657064;0.005008137;0.005516226;0.007483842;;;;;;;;;;;;;0.091134533;0.002692724;0.005067019;0.005585716;0.007575321;;;;;;;;;;;;;
0.002636181;0.004972125;0.005458405;0.007429143;;;;;;;;;;;;;0.090149763;0.002668634;0.005044196;0.005532301;0.007497617;;;;;;;;;;;;;
0.002614905;0.004944618;0.005411549;0.007342824;;;;;;;;;;;;;0.089272277;0.002653012;0.005011812;0.005462198;0.007433912;;;;;;;;;;;;;
0.002596142;0.004912149;0.005343482;0.007276056;;;;;;;;;;;;;0.088365961;0.002634002;0.004983426;0.005412354;0.007361302;;;;;;;;;;;;;
0.002576953;0.004883628;0.005290879;0.007241465;;;;;;;;;;;;;0.087431048;0.002614568;0.004950079;0.005364212;0.007332341;;;;;;;;;;;;;
0.002560209;0.004854592;0.005261206;0.007211727;;;;;;;;;;;;;0.086598783;0.002594714;0.004920688;0.005334453;0.007296875;;;;;;;;;;;;;
0.002537315;0.004820678;0.005235367;0.007144146;;;;;;;;;;;;;0.085736335;0.002571576;0.004890787;0.005308558;0.007229199;;;;;;;;;;;;;
0.0025197;0.004794994;0.005190594;0.007090252;;;;;;;;;;;;;0.084843908;0.002556603;0.004860382;0.005249985;0.007163938;;;;;;;;;;;;;
0.002498826;0.004764438;0.005138295;0.007010447;;;;;;;;;;;;;0.084049936;0.002538317;0.004829474;0.005188475;0.007095381;;;;;;;;;;;;;
0.00248313;0.004733383;0.005064837;0.006949917;;;;;;;;;;;;;0.083097159;0.002516774;0.004802394;0.005146852;0.00703486;;;;;;;;;;;;;
0.002461405;0.004714665;0.005015638;0.006918396;;;;;;;;;;;;;0.082241371;0.002497621;0.004770468;0.005093071;0.007003346;;;;;;;;;;;;;
0.002442035;0.004686809;0.005010343;0.006886034;;;;;;;;;;;;;0.081480157;0.002478029;0.004742333;0.005055909;0.006976671;;;;;;;;;;;;;
0.002422229;0.004649946;0.004972479;0.006824423;;;;;;;;;;;;;0.080436645;0.002460766;0.004713664;0.005045397;0.006915113;;;;;;;;;;;;;
0.002404716;0.004616855;0.004926259;0.006782046;;;;;;;;;;;;;0.079984406;0.00244029;0.004684464;0.004994661;0.006855845;;;;;;;;;;;;;
0.002386742;0.00459166;0.004886053;0.006707943;;;;;;;;;;;;;0.079001603;0.002422116;0.004654737;0.004936261;0.006793158;;;;;;;;;;;;;
0.002368307;0.004561728;0.00483819;0.006641703;;;;;;;;;;;;;0.078118585;0.002403482;0.004624486;0.004897632;0.00673272;;;;;;;;;;;;;
0.002352097;0.004535423;0.004782615;0.00662431;;;;;;;;;;;;;0.07729414;0.002381691;0.004597892;0.004851304;0.006704055;;;;;;;;;;;;;
0.002327404;0.004504429;0.004760485;0.006594697;;;;;;;;;;;;;0.076557846;0.002367531;0.004570738;0.004829255;0.006680239;;;;;;;;;;;;;
0.002312921;0.004477028;0.00474214;0.00653854;;;;;;;;;;;;;0.075666271;0.002347519;0.00453889;0.004806416;0.006624287;;;;;;;;;;;;;
0.002292657;0.004444983;0.004693908;0.00649602;;;;;;;;;;;;;0.074981908;0.002327057;0.004510646;0.004762961;0.006564825;;;;;;;;;;;;;
0.00227719;0.004428715;0.004660864;0.006421352;;;;;;;;;;;;;0.074262056;0.002311432;0.004481853;0.004702421;0.006513333;;;;;;;;;;;;;
0.002261223;0.004391514;0.004610786;0.006351407;;;;;;;;;;;;;0.073387407;0.002292675;0.004456593;0.004675698;0.006432348;;;;;;;;;;;;;
0.002242157;0.004365949;0.004566679;0.006236439;;;;;;;;;;;;;0.072715792;0.002276063;0.004426688;0.004631857;0.006312476;;;;;;;;;;;;;
0.002220037;0.004335788;0.004555031;0.006104766;;;;;;;;;;;;;0.071889272;0.002258955;0.004400285;0.004597019;0.006187736;;;;;;;;;;;;;
0.002202615;0.004309084;0.00452394;0.006003642;;;;;;;;;;;;;0.071263064;0.002241351;0.004373305;0.004589419;0.006075947;;;;;;;;;;;;;
0.00218982;0.004281806;0.004487264;0.005885693;;;;;;;;;;;;;0.070599526;0.002223253;0.004345752;0.004553107;0.005971635;;;;;;;;;;;;;
0.002171387;0.004253955;0.004456752;0.005800055;;;;;;;;;;;;;0.06989852;0.002202095;0.004317627;0.004499313;0.005869066;;;;;;;;;;;;;
0.002150837;0.004225534;0.00440402;0.005691433;;;;;;;;;;;;;0.069159876;0.002183944;0.00429291;0.004475402;0.005774964;;;;;;;;;;;;;
0.002133117;0.004200477;0.004381216;0.005617606;;;;;;;;;;;;;0.068383396;0.002166081;0.00426363;0.004438743;0.00569023;;;;;;;;;;;;;
0.002117409;0.004170905;0.004356637;0.005527622;;;;;;;;;;;;;0.067685625;0.002150249;0.004237731;0.004419165;0.005609214;;;;;;;;;;;;;
0.002101176;0.004164192;0.004335994;0.005462482;;;;;;;;;;;;;0.066949078;0.002131366;0.004207305;0.004398744;0.005532703;;;;;;;;;;;;;
0.00208442;0.004121723;0.004306686;0.005381705;;;;;;;;;;;;;0.066290003;0.002114496;0.004184146;0.004365082;0.005461675;;;;;;;;;;;;;
0.00206714;0.004094284;0.004278997;0.005329415;;;;;;;;;;;;;0.065707872;0.002099609;0.004156464;0.004313336;0.005397334;;;;;;;;;;;;;
0.002049337;0.004066253;0.004195299;0.005254773;;;;;;;;;;;;;0.064969106;0.002084181;0.004132077;0.004235474;0.005341158;;;;;;;;;;;;;
0.002033481;0.004039649;0.004120702;0.005213042;;;;;;;;;;;;;0.064423169;0.002068213;0.00409362;0.004156807;0.005286763;;;;;;;;;;;;;
0.002019547;0.004012462;0.004045625;0.005158138;;;;;;;;;;;;;0.063719772;0.002051705;0.004070089;0.004082829;0.005235226;;;;;;;;;;;;;
0.002005059;0.003988487;0.003981337;0.005116046;;;;;;;;;;;;;0.063208896;0.002032182;0.004042087;0.004019813;0.005187855;;;;;;;;;;;;;
0.001987564;0.003963884;0.00391236;0.005070813;;;;;;;;;;;;;0.06253959;0.002019535;0.004021142;0.003969393;0.005146243;;;;;;;;;;;;;
0.00197197;0.003938654;0.003862396;0.005052815;;;;;;;;;;;;;0.061945521;0.002003858;0.003991911;0.003903957;0.00511232;;;;;;;;;;;;;
0.001955818;0.003912798;0.003803591;0.005015221;;;;;;;;;;;;;0.061309127;0.001987623;0.003969689;0.003865603;0.005088418;;;;;;;;;;;;;
0.001941539;0.003897625;0.003774431;0.004989025;;;;;;;;;;;;;0.060747862;0.00197083;0.003943024;0.003813411;0.005055314;;;;;;;;;;;;;
0.00192669;0.003862966;0.003718799;0.004953986;;;;;;;;;;;;;0.060143641;0.001958368;0.003919517;0.003780251;0.005035856;;;;;;;;;;;;;
0.001911267;0.003838968;0.003690972;0.004947057;;;;;;;;;;;;;0.05961477;0.001940442;0.003895364;0.003734153;0.005021367;;;;;;;;;;;;;
0.00189527;0.003818061;0.003666273;0.004904433;;;;;;;;;;;;;0.059042394;0.001929262;0.003870565;0.003711888;0.004988378;;;;;;;;;;;;;
0.00188111;0.00379276;0.003630203;0.004872351;;;;;;;;;;;;;0.058545936;0.001910189;0.003845119;0.003678564;0.004983496;;;;;;;;;;;;;
0.001866363;0.003770531;0.003607496;0.004873273;;;;;;;;;;;;;0.058005517;0.001897833;0.003822771;0.003658859;0.00499723;;;;;;;;;;;;;
0.001851027;0.003743927;0.003583739;0.004932161;;;;;;;;;;;;;0.057541957;0.001877604;0.003799757;0.00363844;0.005067293;;;;;;;;;;;;;
0.001837503;0.003716676;0.003559968;;;;;;;;;;;;;;0.05703409;0.001868911;0.003776079;0.003628074;;;;;;;;;;;;;;
0.001823379;0.00369985;0.003547971;;;;;;;;;;;;;;0.056480912;0.001854766;0.003751735;0.003610406;;;;;;;;;;;;;;
0.001808651;0.003660435;0.003540481;;;;;;;;;;;;;;0.056005735;0.001840019;0.003708454;0.003607306;;;;;;;;;;;;;;
0.001795718;0.003607259;0.003527803;;;;;;;;;;;;;;0.055484901;0.001824664;0.003662442;0.003599548;;;;;;;;;;;;;;
0.001782172;0.003562354;0.00352305;;;;;;;;;;;;;;0.055043805;0.001813541;0.00361737;0.003600113;;;;;;;;;;;;;;
0.001768008;0.003540684;0.003529501;;;;;;;;;;;;;;0.054556847;0.001796957;0.003595631;0.003612205;;;;;;;;;;;;;;
0.001755626;0.003518312;0.003528032;;;;;;;;;;;;;;0.054151862;0.001784596;0.00356952;0.003624066;;;;;;;;;;;;;;
0.001742619;0.003475092;0.003533906;;;;;;;;;;;;;;0.053831582;0.001771611;0.003529863;0.00364585;;;;;;;;;;;;;;
0.001728981;0.003439921;0.003590603;;;;;;;;;;;;;;0.053334876;0.001757997;0.003487345;0.003717617;;;;;;;;;;;;;;
0.001717119;0.003390955;;;;;;;;;;;;;;;0.052923062;0.001746178;0.0034456;;;;;;;;;;;;;;;
0.001702205;0.003349964;;;;;;;;;;;;;;;0.05259943;0.001733723;0.003404592;;;;;;;;;;;;;;;
0.001691479;0.003331992;;;;;;;;;;;;;;;0.052093402;0.001720627;0.003382985;;;;;;;;;;;;;;;
0.001665667;0.003313278;;;;;;;;;;;;;;;0.051814886;0.001697379;0.003364291;;;;;;;;;;;;;;;
0.001655429;0.003273608;;;;;;;;;;;;;;;0.051491812;0.001684779;0.003324665;;;;;;;;;;;;;;;
0.001642097;0.003249129;;;;;;;;;;;;;;;0.051122609;0.001671519;0.003282024;;;;;;;;;;;;;;;
0.001618324;0.003196095;;;;;;;;;;;;;;;0.050705547;0.001647932;0.003247334;;;;;;;;;;;;;;;
0.001596802;0.003161863;;;;;;;;;;;;;;;0.050386452;0.001624148;0.003209583;;;;;;;;;;;;;;;
0.00157507;0.003147255;;;;;;;;;;;;;;;0.050170656;0.001605172;0.003191388;;;;;;;;;;;;;;;
0.001553112;0.003124534;;;;;;;;;;;;;;;0.049606332;0.001583509;0.003172414;;;;;;;;;;;;;;;
0.001546169;0.003091426;;;;;;;;;;;;;;;0.049014052;0.001571642;0.003143233;;;;;;;;;;;;;;;
0.001533462;0.003062582;;;;;;;;;;;;;;;0.04856373;0.001561636;0.003107216;;;;;;;;;;;;;;;
0.001516201;0.003023142;;;;;;;;;;;;;;;0.048103975;0.001542138;0.003071744;;;;;;;;;;;;;;;
0.001498806;0.002991665;;;;;;;;;;;;;;;0.047804947;0.001522471;0.003040584;;;;;;;;;;;;;;;
0.001478616;0.002976602;;;;;;;;;;;;;;;0.047639925;0.001505303;0.003025696;;;;;;;;;;;;;;;
0.001463628;0.002960735;;;;;;;;;;;;;;;0.047369649;0.001488043;0.003010008;;;;;;;;;;;;;;;
0.001452369;0.00293036;;;;;;;;;;;;;;;0.04712794;0.001479725;0.002976195;;;;;;;;;;;;;;;
0.001448617;0.002904392;;;;;;;;;;;;;;;0.046715629;0.001470703;0.002946781;;;;;;;;;;;;;;;
0.001427987;0.002871312;;;;;;;;;;;;;;;0.046558765;0.001456111;0.002917982;;;;;;;;;;;;;;;
0.00141575;0.002838752;;;;;;;;;;;;;;;0.046648543;0.001438707;0.002889818;;;;;;;;;;;;;;;
0.00140076;0.002831044;;;;;;;;;;;;;;;0.04647346;0.001424212;0.002874496;;;;;;;;;;;;;;;
0.001385861;0.002810685;;;;;;;;;;;;;;;0.046480131;0.001412851;0.002862311;;;;;;;;;;;;;;;
0.001378838;0.002787267;;;;;;;;;;;;;;;0.046342031;0.001406149;0.002835494;;;;;;;;;;;;;;;
0.001374167;0.002772756;;;;;;;;;;;;;;;0.04631852;0.001398741;0.002809399;;;;;;;;;;;;;;;
0.001359671;0.002742817;;;;;;;;;;;;;;;0.046439294;0.001388023;0.00278407;;;;;;;;;;;;;;;
0.001351901;0.002717716;;;;;;;;;;;;;;;0.046451764;0.001374545;0.002759555;;;;;;;;;;;;;;;
0.001338175;0.002705998;;;;;;;;;;;;;;;0.046429851;0.001364781;0.002748147;;;;;;;;;;;;;;;
0.001328303;0.002693441;;;;;;;;;;;;;;;0.046602636;0.001352269;0.002735909;;;;;;;;;;;;;;;
0.001324072;0.002674365;;;;;;;;;;;;;;;0.046652783;0.001348398;0.002717518;;;;;;;;;;;;;;;
0.001322705;0.002656396;;;;;;;;;;;;;;;0.046934348;0.001343873;0.002691495;;;;;;;;;;;;;;;
0.001310929;0.002630709;;;;;;;;;;;;;;;0.047108268;0.001336411;0.002675351;;;;;;;;;;;;;;;
0.001303731;0.002610545;;;;;;;;;;;;;;;0.047150929;0.001326294;0.002651458;;;;;;;;;;;;;;;
0.001293869;0.00260379;;;;;;;;;;;;;;;0.047161638;0.00132109;0.002645093;;;;;;;;;;;;;;;
0.001285176;0.002591627;;;;;;;;;;;;;;;0.047521408;0.001313361;0.002633326;;;;;;;;;;;;;;;
0.001281847;0.002562842;;;;;;;;;;;;;;;0.047785972;0.001310535;0.002601436;;;;;;;;;;;;;;;
0.001286232;0.002515902;;;;;;;;;;;;;;;0.048439329;0.001307079;0.00255667;;;;;;;;;;;;;;;
0.001280871;0.002484457;;;;;;;;;;;;;;;0.04851115;0.001302489;0.002522313;;;;;;;;;;;;;;;
0.001277443;0.002449571;;;;;;;;;;;;;;;0.048769867;0.001299872;0.002495689;;;;;;;;;;;;;;;
0.001271593;0.002430277;;;;;;;;;;;;;;;0.049010874;0.001294903;0.002467295;;;;;;;;;;;;;;;
0.001267988;0.00239154;;;;;;;;;;;;;;;0.049435972;0.001292222;0.002451257;;;;;;;;;;;;;;;
0.001257821;0.002387604;;;;;;;;;;;;;;;0.049778087;0.001287545;0.002430506;;;;;;;;;;;;;;;
0.001256861;0.002374347;;;;;;;;;;;;;;;0.050930891;0.001287179;0.002420746;;;;;;;;;;;;;;;
0.001253226;0.002367708;;;;;;;;;;;;;;;;0.001284808;0.002409653;;;;;;;;;;;;;;;
0.001258176;0.002352712;;;;;;;;;;;;;;;;0.001285547;0.002407502;;;;;;;;;;;;;;;
0.001244336;0.00234875;;;;;;;;;;;;;;;;0.001280969;0.002408463;;;;;;;;;;;;;;;
0.001254181;0.002349804;;;;;;;;;;;;;;;;0.001281347;0.002414952;;;;;;;;;;;;;;;
0.001252305;0.002346978;;;;;;;;;;;;;;;;0.001290263;0.002418332;;;;;;;;;;;;;;;
0.001270346;0.002354012;;;;;;;;;;;;;;;;0.001295736;0.002419213;;;;;;;;;;;;;;;
0.001259671;0.002361085;;;;;;;;;;;;;;;;0.001307434;0.002432541;;;;;;;;;;;;;;;
0.00127603;0.002369782;;;;;;;;;;;;;;;;0.001318787;0.002448166;;;;;;;;;;;;;;;
0.001282977;0.002382195;;;;;;;;;;;;;;;;0.001331124;0.002468138;;;;;;;;;;;;;;;
0.001299039;0.002469831;;;;;;;;;;;;;;;;0.001346281;0.002556568;;;;;;;;;;;;;;;
;0.002509;;;;;;;;;;;;;;;;;0.002598929;;;;;;;;;;;;;;;
