T,k,bid,ask,mid,half_spread
0.197125,-0.232245,0.402496,0.406317,0.4044065,0.0019104999999999817
0.197125,-0.171621,0.388496,0.391536,0.39001600000000003,0.0015199999999999936
0.197125,-0.114462,0.378595,0.381289,0.379942,0.001346999999999987
0.197125,-0.0603953,0.372033,0.374637,0.373335,0.0013019999999999976
0.197125,-0.0395612,0.37021,0.372828,0.371519,0.0013090000000000046
0.197125,-0.0191523,0.368804,0.371482,0.370143,0.001338999999999979
0.197125,-0.00910198,0.368137,0.371091,0.369614,0.001477000000000006
0.197125,-0.00910198,0.368265,0.370964,0.3696145,0.0013495000000000035
0.197125,0.00084841,0.367703,0.370676,0.3691895,0.0014865000000000017
0.197125,0.0107007,0.367356,0.370354,0.36885500000000004,0.0014990000000000003
0.197125,0.0396882,0.36671,0.369851,0.3682805,0.0015705000000000024
0.197125,0.0862082,0.366755,0.370134,0.3684445,0.0016895000000000104
0.197125,0.13066,0.368296,0.371156,0.369726,0.0014299999999999868
0.197125,0.17322,0.37088,0.373019,0.3719495,0.001069500000000001
0.197125,0.214042,0.373637,0.376471,0.375054,0.0014170000000000016
0.197125,0.253262,0.376674,0.381164,0.378919,0.002244999999999997
0.273785,-0.300664,0.397679,0.40168,0.39967949999999997,0.0020004999999999884
0.273785,-0.236126,0.38218,0.385975,0.3840775,0.0018974999999999964
0.273785,-0.175501,0.370565,0.374361,0.372463,0.0018980000000000108
0.273785,-0.118343,0.362682,0.365947,0.3643145,0.001632500000000009
0.273785,-0.0642757,0.357379,0.360273,0.358826,0.0014470000000000038
0.273785,-0.0129824,0.3538,0.356978,0.355389,0.001589000000000007
0.273785,-0.0129824,0.354062,0.356717,0.3553895,0.0013275000000000092
0.273785,0.0358078,0.352162,0.35528,0.35372099999999995,0.0015590000000000048
0.273785,0.0823279,0.351539,0.354935,0.353237,0.001698000000000005
0.273785,0.12678,0.35173,0.355478,0.35360400000000003,0.0018740000000000145
0.273785,0.169339,0.352707,0.356769,0.354738,0.002031000000000005
0.273785,0.210161,0.354404,0.358836,0.35662,0.0022159999999999958
0.273785,0.249382,0.356827,0.361511,0.359169,0.0023420000000000107
0.273785,0.287122,0.359778,0.36478,0.362279,0.0025010000000000032
0.350445,-0.304457,0.383701,0.386741,0.38522100000000004,0.0015199999999999936
0.350445,-0.239918,0.370491,0.373868,0.3721795,0.0016884999999999817
0.350445,-0.179294,0.360782,0.364162,0.362472,0.001689999999999997
0.350445,-0.122135,0.354026,0.357028,0.35552700000000004,0.0015010000000000023
0.350445,-0.068068,0.349361,0.352024,0.35069249999999996,0.0013315000000000132
0.350445,-0.0167747,0.346445,0.348702,0.3475735,0.0011285000000000045
0.350445,-0.0167747,0.34644,0.348708,0.34757400000000005,0.0011339999999999961
0.350445,0.0320154,0.344884,0.346904,0.34589400000000003,0.0010099999999999831
0.350445,0.0785355,0.344081,0.346407,0.345244,0.0011629999999999974
0.350445,0.122987,0.343992,0.346756,0.345374,0.0013819999999999943
0.350445,0.165547,0.344662,0.347625,0.34614350000000005,0.0014814999999999967
0.350445,0.206369,0.345851,0.349053,0.347452,0.0016009999999999913
0.350445,0.24559,0.347448,0.351086,0.349267,0.001819000000000015
0.350445,0.28333,0.349663,0.353571,0.351617,0.0019540000000000113
0.350445,0.319697,0.352083,0.356279,0.35418099999999997,0.0020980000000000165
0.44627,-0.309286,0.39233,0.394654,0.393492,0.0011619999999999964
0.44627,-0.244747,0.382301,0.384647,0.383474,0.0011730000000000074
0.44627,-0.184122,0.374541,0.376872,0.3757065,0.001165499999999986
0.44627,-0.126964,0.368753,0.371019,0.369886,0.0011329999999999951
0.44627,-0.0728967,0.364526,0.366738,0.365632,0.0011059999999999959
0.44627,-0.0216035,0.361584,0.363888,0.362736,0.0011519999999999864
0.44627,-0.0216035,0.361655,0.363818,0.3627365,0.0010814999999999853
0.44627,0.0271867,0.359961,0.362093,0.361027,0.0010660000000000114
0.44627,0.0737068,0.359218,0.361093,0.36015549999999996,0.0009375000000000078
0.44627,0.118159,0.359025,0.360858,0.3599415,0.0009165000000000145
0.44627,0.160718,0.359284,0.361187,0.3602355,0.000951499999999994
0.44627,0.20154,0.359975,0.361909,0.360942,0.0009669999999999956
0.44627,0.240761,0.36101,0.362996,0.36200299999999996,0.0009929999999999939
0.44627,0.278501,0.36251,0.364594,0.363552,0.0010419999999999874
0.44627,0.314869,0.364005,0.366596,0.36530050000000003,0.0012954999999999772
0.44627,0.34996,0.365699,0.369013,0.367356,0.0016569999999999918
0.522929,-0.382171,0.396945,0.399238,0.3980915,0.0011464999999999947
0.522929,-0.313179,0.385824,0.387538,0.386681,0.0008569999999999967
0.522929,-0.24864,0.376542,0.378892,0.37771699999999997,0.0011750000000000094
0.522929,-0.188015,0.369672,0.372043,0.3708575,0.001185500000000006
0.522929,-0.130857,0.364696,0.366694,0.365695,0.0009989999999999999
0.522929,-0.0767897,0.360998,0.362819,0.36190849999999997,0.0009105000000000085
0.522929,-0.0254964,0.358247,0.360358,0.35930249999999997,0.0010555000000000148
0.522929,-0.0254964,0.358441,0.360163,0.359302,0.0008610000000000007
0.522929,0.0232937,0.356724,0.358683,0.35770349999999995,0.0009794999999999943
0.522929,0.0698137,0.355951,0.357792,0.3568715,0.0009204999999999908
0.522929,0.114266,0.355736,0.35749,0.35661299999999996,0.0008769999999999889
0.522929,0.156825,0.355956,0.357666,0.356811,0.0008549999999999947
0.522929,0.197647,0.356564,0.358184,0.35737399999999997,0.0008100000000000052
0.522929,0.236868,0.357502,0.358984,0.358243,0.0007410000000000194
0.522929,0.274608,0.358909,0.360037,0.359473,0.0005640000000000089
0.522929,0.310976,0.36027,0.361439,0.36085449999999997,0.0005845000000000156
0.522929,0.346067,0.361711,0.363223,0.362467,0.0007560000000000067
0.522929,0.379969,0.36336,0.365427,0.36439350000000004,0.0010334999999999928
0.599589,-0.386024,0.387667,0.390209,0.388938,0.0012709999999999944
0.599589,-0.317031,0.377715,0.379479,0.378597,0.0008819999999999939
0.599589,-0.252492,0.369554,0.371563,0.3705585,0.0010044999999999915
0.599589,-0.191868,0.363435,0.365538,0.3644865,0.001051499999999983
0.599589,-0.134709,0.359044,0.36094,0.359992,0.0009480000000000044
0.599589,-0.0806421,0.355849,0.357629,0.35673900000000003,0.0008899999999999741
0.599589,-0.0293488,0.353198,0.355778,0.354488,0.0012899999999999856
0.599589,-0.0293488,0.353575,0.355401,0.354488,0.0009130000000000249
0.599589,0.0194414,0.352024,0.354256,0.35314,0.0011160000000000059
0.599589,0.0659614,0.351498,0.353359,0.3524285,0.0009305000000000008
0.599589,0.110413,0.351374,0.352995,0.3521845,0.0008104999999999918
0.599589,0.152973,0.3515,0.353072,0.352286,0.0007860000000000089
0.599589,0.193795,0.351857,0.353493,0.35267499999999996,0.0008180000000000132
0.599589,0.233015,0.352491,0.3541,0.3532955,0.0008045000000000135
0.599589,0.270756,0.353404,0.355061,0.3542325,0.0008285000000000098
0.599589,0.307123,0.354375,0.356358,0.35536650000000003,0.0009915000000000063
0.599589,0.342215,0.355387,0.358037,0.35671200000000003,0.0013249999999999929
0.599589,0.376116,0.356474,0.36007,0.35827200000000003,0.001797999999999994
0.695414,-0.390859,0.388137,0.390431,0.38928399999999996,0.0011469999999999814
0.695414,-0.321866,0.379144,0.381241,0.3801925,0.0010485000000000078
0.695414,-0.257328,0.372024,0.374317,0.3731705,0.0011464999999999947
0.695414,-0.196703,0.366731,0.369044,0.3678875,0.0011565000000000047
0.695414,-0.139545,0.36292,0.365035,0.3639775,0.001057499999999989
0.695414,-0.0854773,0.36016,0.362121,0.3611405,0.000980500000000023
0.695414,-0.034184,0.357844,0.360538,0.35919100000000004,0.0013470000000000149
0.695414,-0.034184,0.358208,0.360174,0.35919100000000004,0.0009829999999999839
0.695414,0.0146061,0.356838,0.35924,0.358039,0.0012010000000000076
0.695414,0.0611261,0.356389,0.358521,0.35745499999999997,0.0010659999999999836
0.695414,0.105578,0.35633,0.358265,0.3572975,0.00096750000000001
0.695414,0.148138,0.356519,0.358387,0.357453,0.0009340000000000181
0.695414,0.18896,0.356946,0.358717,0.35783149999999997,0.0008855000000000113
0.695414,0.22818,0.357581,0.359227,0.358404,0.0008230000000000182
0.695414,0.265921,0.358507,0.359974,0.3592405,0.000733499999999998
0.695414,0.302288,0.359394,0.360972,0.36018300000000003,0.0007890000000000119
0.695414,0.33738,0.360266,0.362301,0.3612835,0.0010175000000000045
0.695414,0.371281,0.361119,0.363932,0.3625255,0.0014064999999999772
0.769336,-0.394604,0.387831,0.389545,0.388688,0.0008569999999999967
0.769336,-0.325611,0.379615,0.381182,0.3803985,0.0007835000000000203
0.769336,-0.261073,0.373107,0.374895,0.37400100000000003,0.0008939999999999781
0.769336,-0.200448,0.368291,0.370089,0.36919,0.0008990000000000109
0.769336,-0.14329,0.364834,0.366409,0.3656215,0.0007874999999999965
0.769336,-0.0892226,0.362286,0.363766,0.36302599999999996,0.0007399999999999907
0.769336,-0.0379293,0.360073,0.362459,0.361266,0.0011929999999999996
0.769336,-0.0379293,0.360449,0.362083,0.361266,0.0008169999999999844
0.769336,0.0108609,0.359115,0.361287,0.360201,0.0010860000000000036
0.769336,0.0573809,0.358681,0.360651,0.35966600000000004,0.0009849999999999859
0.769336,0.101833,0.358648,0.360421,0.3595345,0.0008864999999999845
0.769336,0.144392,0.358887,0.360511,0.359699,0.0008120000000000072
0.769336,0.185214,0.359346,0.360818,0.360082,0.0007360000000000144
0.769336,0.224435,0.359999,0.361237,0.360618,0.0006189999999999807
0.769336,0.262175,0.360838,0.361851,0.36134449999999996,0.0005064999999999931
0.769336,0.298543,0.361652,0.362702,0.36217699999999997,0.0005250000000000254
0.769336,0.333634,0.362394,0.363884,0.363139,0.0007449999999999957
0.769336,0.367536,0.363108,0.365326,0.364217,0.0011089999999999989
