T,k,bid,ask
0.197125,-0.925393,0.613747,0.715566
0.197125,-0.80761,0.586281,0.660706
0.197125,-0.702249,0.555282,0.610573
0.197125,-0.606939,0.523779,0.565137
0.197125,-0.519928,0.494344,0.523249
0.197125,-0.439885,0.468985,0.484817
0.197125,-0.365777,0.443921,0.452763
0.197125,-0.296784,0.420994,0.427004
0.197125,-0.232245,0.402496,0.406317
0.197125,-0.171621,0.388496,0.391536
0.197125,-0.114462,0.378595,0.381289
0.197125,-0.0603953,0.372033,0.374637
0.197125,-0.0395612,0.37021,0.372828
0.197125,-0.0191523,0.368804,0.371482
0.197125,-0.00910198,0.368137,0.371091
0.197125,-0.00910198,0.368265,0.370964
0.197125,0.00084841,0.367703,0.370676
0.197125,0.0107007,0.367356,0.370354
0.197125,0.0396882,0.36671,0.369851
0.197125,0.0862082,0.366755,0.370134
0.197125,0.13066,0.368296,0.371156
0.197125,0.17322,0.37088,0.373019
0.197125,0.214042,0.373637,0.376471
0.197125,0.253262,0.376674,0.381164
0.197125,0.291003,0.38088,0.386882
0.197125,0.32737,0.385757,0.391954
0.197125,0.362462,0.390526,0.397607
0.197125,0.396363,0.394956,0.403596
0.197125,0.550514,0.40772,0.434139
0.197125,0.684045,0.396957,0.470506
0.273785,-0.929273,0.574736,0.635534
0.273785,-0.81149,0.544867,0.591769
0.273785,-0.70613,0.515555,0.551526
0.273785,-0.610819,0.487623,0.514581
0.273785,-0.523808,0.462593,0.479705
0.273785,-0.443765,0.438749,0.44864
0.273785,-0.369657,0.416629,0.422533
0.273785,-0.300664,0.397679,0.40168
0.273785,-0.236126,0.38218,0.385975
0.273785,-0.175501,0.370565,0.374361
0.273785,-0.118343,0.362682,0.365947
0.273785,-0.0642757,0.357379,0.360273
0.273785,-0.0129824,0.3538,0.356978
0.273785,-0.0129824,0.354062,0.356717
0.273785,0.0358078,0.352162,0.35528
0.273785,0.0823279,0.351539,0.354935
0.273785,0.12678,0.35173,0.355478
0.273785,0.169339,0.352707,0.356769
0.273785,0.210161,0.354404,0.358836
0.273785,0.249382,0.356827,0.361511
0.273785,0.287122,0.359778,0.36478
0.273785,0.32349,0.36327,0.368287
0.273785,0.358581,0.366942,0.372262
0.273785,0.392483,0.370158,0.376773
0.273785,0.546633,0.378901,0.40249
0.273785,0.680165,0.374329,0.434986
0.350445,-0.933065,0.541112,0.589275
0.350445,-0.815282,0.514097,0.550235
0.350445,-0.709922,0.487953,0.514383
0.350445,-0.614612,0.464224,0.481603
0.350445,-0.5276,0.441324,0.45174
0.350445,-0.447558,0.419543,0.425597
0.350445,-0.37345,0.400178,0.403777
0.350445,-0.304457,0.383701,0.386741
0.350445,-0.239918,0.370491,0.373868
0.350445,-0.179294,0.360782,0.364162
0.350445,-0.122135,0.354026,0.357028
0.350445,-0.068068,0.349361,0.352024
0.350445,-0.0167747,0.346445,0.348702
0.350445,-0.0167747,0.34644,0.348708
0.350445,0.0320154,0.344884,0.346904
0.350445,0.0785355,0.344081,0.346407
0.350445,0.122987,0.343992,0.346756
0.350445,0.165547,0.344662,0.347625
0.350445,0.206369,0.345851,0.349053
0.350445,0.24559,0.347448,0.351086
0.350445,0.28333,0.349663,0.353571
0.350445,0.319697,0.352083,0.356279
0.350445,0.354789,0.355229,0.359251
0.350445,0.38869,0.358343,0.362757
0.350445,0.542841,0.368007,0.386147
0.350445,0.676372,0.368658,0.413767
0.44627,-0.937894,0.519001,0.559996
0.44627,-0.820111,0.497409,0.527145
0.44627,-0.714751,0.477115,0.496269
0.44627,-0.61944,0.456998,0.468608
0.44627,-0.532429,0.437712,0.444454
0.44627,-0.452386,0.420036,0.424127
0.44627,-0.378278,0.404835,0.407657
0.44627,-0.309286,0.39233,0.394654
0.44627,-0.244747,0.382301,0.384647
0.44627,-0.184122,0.374541,0.376872
0.44627,-0.126964,0.368753,0.371019
0.44627,-0.0728967,0.364526,0.366738
0.44627,-0.0216035,0.361584,0.363888
0.44627,-0.0216035,0.361655,0.363818
0.44627,0.0271867,0.359961,0.362093
0.44627,0.0737068,0.359218,0.361093
0.44627,0.118159,0.359025,0.360858
0.44627,0.160718,0.359284,0.361187
0.44627,0.20154,0.359975,0.361909
0.44627,0.240761,0.36101,0.362996
0.44627,0.278501,0.36251,0.364594
0.44627,0.314869,0.364005,0.366596
0.44627,0.34996,0.365699,0.369013
0.44627,0.383862,0.367549,0.371876
0.44627,0.538012,0.375519,0.39009
0.44627,0.671544,0.379121,0.411578
0.522929,-0.941787,0.499887,0.532452
0.522929,-0.824004,0.481952,0.503501
0.522929,-0.718644,0.463743,0.476495
0.522929,-0.623333,0.444851,0.452628
0.522929,-0.536322,0.426696,0.431965
0.522929,-0.456279,0.410495,0.41397
0.522929,-0.382171,0.396945,0.399238
0.522929,-0.313179,0.385824,0.387538
0.522929,-0.24864,0.376542,0.378892
0.522929,-0.188015,0.369672,0.372043
0.522929,-0.130857,0.364696,0.366694
0.522929,-0.0767897,0.360998,0.362819
0.522929,-0.0254964,0.358247,0.360358
0.522929,-0.0254964,0.358441,0.360163
0.522929,0.0232937,0.356724,0.358683
0.522929,0.0698137,0.355951,0.357792
0.522929,0.114266,0.355736,0.35749
0.522929,0.156825,0.355956,0.357666
0.522929,0.197647,0.356564,0.358184
0.522929,0.236868,0.357502,0.358984
0.522929,0.274608,0.358909,0.360037
0.522929,0.310976,0.36027,0.361439
0.522929,0.346067,0.361711,0.363223
0.522929,0.379969,0.36336,0.365427
0.522929,0.534119,0.371886,0.378338
0.522929,0.667651,0.377053,0.39399
0.599589,-0.94564,0.485522,0.51702
0.599589,-0.827856,0.467786,0.488479
0.599589,-0.722496,0.449798,0.462174
0.599589,-0.627186,0.431614,0.439883
0.599589,-0.540174,0.414718,0.420335
0.599589,-0.460132,0.399914,0.40383
0.599589,-0.386024,0.387667,0.390209
0.599589,-0.317031,0.377715,0.379479
0.599589,-0.252492,0.369554,0.371563
0.599589,-0.191868,0.363435,0.365538
0.599589,-0.134709,0.359044,0.36094
0.599589,-0.0806421,0.355849,0.357629
0.599589,-0.0293488,0.353198,0.355778
0.599589,-0.0293488,0.353575,0.355401
0.599589,0.0194414,0.352024,0.354256
0.599589,0.0659614,0.351498,0.353359
0.599589,0.110413,0.351374,0.352995
0.599589,0.152973,0.3515,0.353072
0.599589,0.193795,0.351857,0.353493
0.599589,0.233015,0.352491,0.3541
0.599589,0.270756,0.353404,0.355061
0.599589,0.307123,0.354375,0.356358
0.599589,0.342215,0.355387,0.358037
0.599589,0.376116,0.356474,0.36007
0.599589,0.530267,0.363528,0.370829
0.599589,0.663798,0.367478,0.385853
0.695414,-0.950475,0.481864,0.504335
0.695414,-0.832692,0.46333,0.478945
0.695414,-0.727331,0.444428,0.455717
0.695414,-0.632021,0.427334,0.435157
0.695414,-0.54501,0.412114,0.417273
0.695414,-0.464967,0.398933,0.402451
0.695414,-0.390859,0.388137,0.390431
0.695414,-0.321866,0.379144,0.381241
0.695414,-0.257328,0.372024,0.374317
0.695414,-0.196703,0.366731,0.369044
0.695414,-0.139545,0.36292,0.365035
0.695414,-0.0854773,0.36016,0.362121
0.695414,-0.034184,0.357844,0.360538
0.695414,-0.034184,0.358208,0.360174
0.695414,0.0146061,0.356838,0.35924
0.695414,0.0611261,0.356389,0.358521
0.695414,0.105578,0.35633,0.358265
0.695414,0.148138,0.356519,0.358387
0.695414,0.18896,0.356946,0.358717
0.695414,0.22818,0.357581,0.359227
0.695414,0.265921,0.358507,0.359974
0.695414,0.302288,0.359394,0.360972
0.695414,0.33738,0.360266,0.362301
0.695414,0.371281,0.361119,0.363932
0.695414,0.525432,0.36657,0.37313
0.695414,0.658963,0.370872,0.385436
0.769336,-0.95422,0.47743,0.496868
0.769336,-0.836437,0.458839,0.473042
0.769336,-0.731076,0.440079,0.451126
0.769336,-0.635766,0.424038,0.431334
0.769336,-0.548755,0.409964,0.414479
0.769336,-0.468712,0.398013,0.400565
0.769336,-0.394604,0.387831,0.389545
0.769336,-0.325611,0.379615,0.381182
0.769336,-0.261073,0.373107,0.374895
0.769336,-0.200448,0.368291,0.370089
0.769336,-0.14329,0.364834,0.366409
0.769336,-0.0892226,0.362286,0.363766
0.769336,-0.0379293,0.360073,0.362459
0.769336,-0.0379293,0.360449,0.362083
0.769336,0.0108609,0.359115,0.361287
0.769336,0.0573809,0.358681,0.360651
0.769336,0.101833,0.358648,0.360421
0.769336,0.144392,0.358887,0.360511
0.769336,0.185214,0.359346,0.360818
0.769336,0.224435,0.359999,0.361237
0.769336,0.262175,0.360838,0.361851
0.769336,0.298543,0.361652,0.362702
0.769336,0.333634,0.362394,0.363884
0.769336,0.367536,0.363108,0.365326
0.769336,0.521686,0.367612,0.37359
0.769336,0.655218,0.371882,0.384334
1.02122,-0.967063,0.452919,0.467678
1.02122,-0.84928,0.437575,0.44744
1.02122,-0.743919,0.421924,0.429031
1.02122,-0.648609,0.409178,0.413445
1.02122,-0.561598,0.398288,0.400871
1.02122,-0.481555,0.388943,0.391069
1.02122,-0.407447,0.381242,0.383501
1.02122,-0.338454,0.375264,0.377614
1.02122,-0.273916,0.37074,0.373011
1.02122,-0.213291,0.367358,0.36944
1.02122,-0.156133,0.364791,0.366757
1.02122,-0.102066,0.362761,0.364842
1.02122,-0.0507723,0.360875,0.36393
1.02122,-0.0507723,0.361256,0.363549
1.02122,-0.00198215,0.360083,0.362833
1.02122,0.0445378,0.359692,0.362111
1.02122,0.0889896,0.359579,0.361708
1.02122,0.131549,0.359633,0.361594
1.02122,0.172371,0.359829,0.361718
1.02122,0.211592,0.360153,0.36199
1.02122,0.249332,0.360599,0.3624
1.02122,0.2857,0.361155,0.362914
1.02122,0.320791,0.361701,0.36362
1.02122,0.354693,0.362168,0.364571
1.02122,0.508843,0.364134,0.370674
1.02122,0.642375,0.367637,0.378614
1.27036,-0.980433,0.443477,0.454663
1.27036,-0.86265,0.429406,0.436143
1.27036,-0.75729,0.415683,0.42035
1.27036,-0.66198,0.404798,0.407328
1.27036,-0.574968,0.395216,0.397026
1.27036,-0.494925,0.387008,0.388909
1.27036,-0.420818,0.380491,0.382625
1.27036,-0.351825,0.375437,0.377728
1.27036,-0.287286,0.371637,0.37391
1.27036,-0.226661,0.368772,0.370999
1.27036,-0.169503,0.366597,0.368736
1.27036,-0.115436,0.364924,0.367064
1.27036,-0.0641426,0.363347,0.366275
1.27036,-0.0641426,0.363662,0.365959
1.27036,-0.0153524,0.362768,0.365296
1.27036,0.0311676,0.362498,0.364692
1.27036,0.0756194,0.362462,0.364379
1.27036,0.118179,0.362594,0.364316
1.27036,0.159001,0.362821,0.364475
1.27036,0.198222,0.36316,0.364789
1.27036,0.235962,0.363554,0.365213
1.27036,0.27233,0.364071,0.365726
1.27036,0.307421,0.364659,0.366316
1.27036,0.341323,0.36528,0.367003
1.27036,0.495473,0.368411,0.37188
1.27036,0.629005,0.371271,0.378984
1.36619,-0.985383,0.436868,0.449771
1.36619,-0.8676,0.423586,0.431803
1.36619,-0.762239,0.410905,0.416527
1.36619,-0.666929,0.400729,0.404184
1.36619,-0.579918,0.39185,0.394489
1.36619,-0.499875,0.384451,0.386702
1.36619,-0.425767,0.378563,0.380651
1.36619,-0.356774,0.373933,0.375931
1.36619,-0.292236,0.370353,0.37225
1.36619,-0.231611,0.367534,0.369449
1.36619,-0.174453,0.365461,0.367154
1.36619,-0.120386,0.363835,0.365461
1.36619,-0.0690922,0.361847,0.365044
1.36619,-0.0690922,0.362575,0.364316
1.36619,-0.0203021,0.361267,0.36403
1.36619,0.0262179,0.360981,0.36338
1.36619,0.0706697,0.360932,0.363035
1.36619,0.113229,0.361041,0.362959
1.36619,0.154051,0.361291,0.363115
1.36619,0.193272,0.361668,0.363388
1.36619,0.231012,0.362139,0.363865
1.36619,0.26738,0.36273,0.364453
1.36619,0.302471,0.363396,0.365154
1.36619,0.336373,0.364114,0.365967
1.36619,0.490524,0.368106,0.371293
1.36619,0.624055,0.371895,0.378632
1.51951,-0.99325,0.434569,0.445234
1.51951,-0.875467,0.422075,0.429077
1.51951,-0.770106,0.410254,0.41533
1.51951,-0.674796,0.400929,0.403954
1.51951,-0.587785,0.392777,0.394955
1.51951,-0.507742,0.385927,0.387814
1.51951,-0.433634,0.380386,0.382233
1.51951,-0.364641,0.375981,0.37788
1.51951,-0.300103,0.372573,0.374457
1.51951,-0.239478,0.369902,0.371811
1.51951,-0.18232,0.367855,0.369615
1.51951,-0.128252,0.366314,0.367967
1.51951,-0.0769589,0.364353,0.367591
1.51951,-0.0769589,0.365124,0.36682
1.51951,-0.0281688,0.363735,0.366553
1.51951,0.0183512,0.363396,0.365856
1.51951,0.062803,0.363295,0.365436
1.51951,0.105363,0.363365,0.36526
1.51951,0.146185,0.363567,0.365303
1.51951,0.185405,0.363874,0.365531
1.51951,0.223146,0.36426,0.365832
1.51951,0.259513,0.364778,0.366301
1.51951,0.294605,0.365369,0.366884
1.51951,0.328506,0.366022,0.367581
1.51951,0.482657,0.369442,0.372894
1.51951,0.616188,0.373225,0.379773
1.76865,-1.00566,0.431,0.439676
1.76865,-0.887874,0.419827,0.425665
1.76865,-0.782513,0.409265,0.413675
1.76865,-0.687203,0.400949,0.403736
1.76865,-0.600192,0.393763,0.395689
1.76865,-0.520149,0.38774,0.389129
1.76865,-0.446041,0.38255,0.384243
1.76865,-0.377048,0.378361,0.380406
1.76865,-0.31251,0.375222,0.377159
1.76865,-0.251885,0.37281,0.37457
1.76865,-0.194727,0.370847,0.372596
1.76865,-0.140659,0.369266,0.371116
1.76865,-0.0893661,0.367191,0.370887
1.76865,-0.0893661,0.368049,0.370029
1.76865,-0.040576,0.366485,0.369859
1.76865,0.00594407,0.366051,0.369132
1.76865,0.0503958,0.36582,0.36866
1.76865,0.0929554,0.365809,0.368384
1.76865,0.133777,0.365941,0.368293
1.76865,0.172998,0.366171,0.368388
1.76865,0.210738,0.36643,0.368525
1.76865,0.247106,0.366819,0.368887
1.76865,0.282197,0.367293,0.369336
1.76865,0.316099,0.36786,0.36987
1.76865,0.47025,0.370636,0.374633
1.76865,0.603781,0.373072,0.382198
2.26694,-1.0311,0.426702,0.43307
2.26694,-0.913318,0.416778,0.421088
2.26694,-0.807958,0.407555,0.410751
2.26694,-0.712647,0.400028,0.402221
2.26694,-0.625636,0.39324,0.395284
2.26694,-0.545593,0.387271,0.389675
2.26694,-0.471485,0.382639,0.38516
2.26694,-0.402492,0.378858,0.381601
2.26694,-0.337954,0.375849,0.378657
2.26694,-0.277329,0.373521,0.376186
2.26694,-0.220171,0.371699,0.37413
2.26694,-0.166104,0.370252,0.372483
2.26694,-0.11481,0.367504,0.372751
2.26694,-0.11481,0.369114,0.371141
2.26694,-0.0660202,0.366806,0.371562
2.26694,-0.0195001,0.366354,0.370659
2.26694,0.0249516,0.366115,0.370004
2.26694,0.0675112,0.366059,0.369554
2.26694,0.108333,0.366122,0.369286
2.26694,0.147554,0.366287,0.369172
2.26694,0.185294,0.366444,0.369116
2.26694,0.221662,0.366725,0.369238
2.26694,0.256753,0.367045,0.369449
2.26694,0.290655,0.367396,0.369739
2.26694,0.444805,0.369144,0.3727
2.26694,0.578337,0.371544,0.377364
2.76523,-1.05741,0.418595,0.426754
2.76523,-0.939624,0.409666,0.416362
2.76523,-0.834264,0.401004,0.407456
2.76523,-0.738954,0.394848,0.399592
2.76523,-0.651942,0.389424,0.393067
2.76523,-0.5719,0.384486,0.387927
2.76523,-0.497792,0.380396,0.383848
2.76523,-0.428799,0.37728,0.380506
2.76523,-0.36426,0.37466,0.377837
2.76523,-0.303636,0.372502,0.375676
2.76523,-0.246477,0.370727,0.373929
2.76523,-0.19241,0.36926,0.372529
2.76523,-0.141117,0.366374,0.373107
2.76523,-0.141117,0.36806,0.37142
2.76523,-0.0923265,0.365676,0.371908
2.76523,-0.0458064,0.365199,0.370942
2.76523,-0.00135466,0.364886,0.370195
2.76523,0.0412049,0.364719,0.369634
2.76523,0.082027,0.364654,0.369231
2.76523,0.121248,0.364658,0.368967
2.76523,0.158988,0.36474,0.368261
2.76523,0.195356,0.364838,0.368265
2.76523,0.230447,0.364968,0.368355
2.76523,0.264348,0.36513,0.368516
2.76523,0.418499,0.366777,0.370169
2.76523,0.552031,0.368482,0.372857
3.28268,-1.08493,0.413799,0.421654
3.28268,-0.967143,0.405754,0.412642
3.28268,-0.861783,0.397694,0.405048
3.28268,-0.766473,0.392124,0.398344
3.28268,-0.679461,0.38746,0.392403
3.28268,-0.599419,0.383298,0.387617
3.28268,-0.525311,0.379874,0.383851
3.28268,-0.456318,0.377047,0.380828
3.28268,-0.391779,0.374853,0.378356
3.28268,-0.331155,0.372988,0.376342
3.28268,-0.273996,0.3714,0.37469
3.28268,-0.219929,0.370053,0.373333
3.28268,-0.168636,0.367477,0.373666
3.28268,-0.168636,0.368935,0.372207
3.28268,-0.119846,0.366628,0.372535
3.28268,-0.0733256,0.365964,0.371603
3.28268,-0.0288738,0.365467,0.370848
3.28268,0.0136858,0.365124,0.370251
3.28268,0.0545078,0.364902,0.369789
3.28268,0.0937286,0.364773,0.369447
3.28268,0.131469,0.36494,0.368041
3.28268,0.167836,0.364923,0.367944
3.28268,0.202928,0.36493,0.367942
3.28268,0.236829,0.364957,0.368019
3.28268,0.39098,0.366011,0.369232
3.28268,0.524511,0.367772,0.370988
4.27926,-1.13841,0.40665,0.414048
4.27926,-1.02063,0.400027,0.407993
4.27926,-0.915267,0.393364,0.401557
4.27926,-0.819957,0.388633,0.396255
4.27926,-0.732946,0.384928,0.391279
4.27926,-0.652903,0.38175,0.386965
4.27926,-0.578795,0.378827,0.383544
4.27926,-0.509802,0.376351,0.380836
4.27926,-0.445264,0.374492,0.378591
4.27926,-0.384639,0.372871,0.376763
4.27926,-0.327481,0.371437,0.375264
4.27926,-0.273414,0.370181,0.374024
4.27926,-0.22212,0.367151,0.374937
4.27926,-0.22212,0.369094,0.372991
4.27926,-0.17333,0.366343,0.373824
4.27926,-0.12681,0.365674,0.372876
4.27926,-0.0823583,0.365136,0.372079
4.27926,-0.0397987,0.364716,0.371417
4.27926,0.00102325,0.364406,0.370876
4.27926,0.040244,0.36419,0.370439
4.27926,0.0779843,0.364131,0.368895
4.27926,0.114352,0.364061,0.368644
4.27926,0.149443,0.364033,0.368471
4.27926,0.183345,0.364043,0.368366
4.27926,0.337496,0.364791,0.368626
4.27926,0.471027,0.36628,0.369703
5.27584,-1.19218,0.401465,0.406594
5.27584,-1.07439,0.395963,0.400265
5.27584,-0.969034,0.390426,0.394883
5.27584,-0.873724,0.386464,0.390387
5.27584,-0.786713,0.383186,0.386586
5.27584,-0.70667,0.380299,0.383428
5.27584,-0.632562,0.377684,0.380821
5.27584,-0.563569,0.375463,0.379078
5.27584,-0.499031,0.373614,0.37725
5.27584,-0.438406,0.372202,0.37569
5.27584,-0.381248,0.370938,0.374381
5.27584,-0.32718,0.369791,0.373281
5.27584,-0.275887,0.366587,0.374524
5.27584,-0.275887,0.368755,0.372353
5.27584,-0.227097,0.365935,0.37349
5.27584,-0.180577,0.365387,0.372626
5.27584,-0.136125,0.364933,0.371916
5.27584,-0.0935655,0.364567,0.371345
5.27584,-0.0527435,0.364289,0.370878
5.27584,-0.0135228,0.364106,0.370471
5.27584,0.0242175,0.36417,0.368573
5.27584,0.0605851,0.364031,0.368494
5.27584,0.0956764,0.363931,0.368484
5.27584,0.129578,0.363868,0.368529
5.27584,0.283729,0.36394,0.369446
5.27584,0.41726,0.366009,0.369958
6.27242,-1.24705,0.398768,0.403889
6.27242,-1.12927,0.393979,0.398227
6.27242,-1.02391,0.389028,0.393462
6.27242,-0.9286,0.385452,0.389551
6.27242,-0.841588,0.382524,0.386223
6.27242,-0.761546,0.379915,0.383444
6.27242,-0.687438,0.377581,0.381103
6.27242,-0.618445,0.375513,0.379113
6.27242,-0.553906,0.373686,0.377434
6.27242,-0.493282,0.372263,0.375995
6.27242,-0.436123,0.371141,0.374751
6.27242,-0.382056,0.370111,0.37369
6.27242,-0.330763,0.366242,0.375706
6.27242,-0.330763,0.369158,0.372785
6.27242,-0.281973,0.365696,0.374613
6.27242,-0.235453,0.365232,0.373671
6.27242,-0.191001,0.364845,0.372866
6.27242,-0.148441,0.364529,0.372186
6.27242,-0.107619,0.364279,0.37162
6.27242,-0.0683986,0.36409,0.371158
6.27242,-0.0306582,0.364041,0.369121
6.27242,0.00570941,0.363973,0.368852
6.27242,0.0408008,0.363928,0.368676
6.27242,0.0747023,0.363903,0.368574
6.27242,0.228853,0.364053,0.368961
6.27242,0.362384,0.364683,0.369756
7.26899,-1.30258,0.396495,0.401709
7.26899,-1.1848,0.39221,0.396643
7.26899,-1.07944,0.387831,0.392175
7.26899,-0.984127,0.384554,0.38865
7.26899,-0.897116,0.381777,0.38569
7.26899,-0.817073,0.37934,0.383213
7.26899,-0.742965,0.377165,0.381101
7.26899,-0.673972,0.375252,0.379266
7.26899,-0.609434,0.373564,0.377666
7.26899,-0.548809,0.372071,0.376289
7.26899,-0.491651,0.370899,0.375103
7.26899,-0.437584,0.369947,0.374068
7.26899,-0.38629,0.365545,0.376713
7.26899,-0.38629,0.369087,0.373163
7.26899,-0.3375,0.365143,0.375497
7.26899,-0.29098,0.364804,0.374417
7.26899,-0.246528,0.364524,0.373461
7.26899,-0.203969,0.364301,0.372623
7.26899,-0.163147,0.364129,0.371895
7.26899,-0.123926,0.364004,0.371269
7.26899,-0.0861858,0.363922,0.37074
7.26899,-0.0498182,0.363877,0.370301
7.26899,-0.0147269,0.363862,0.369947
7.26899,0.0191747,0.363872,0.369672
7.26899,0.173325,0.363916,0.369279
7.26899,0.306857,0.364375,0.369646
8.26557,-1.35942,0.395205,0.400331
8.26557,-1.24164,0.391313,0.395596
8.26557,-1.13628,0.387296,0.391481
8.26557,-1.04097,0.384299,0.388257
8.26557,-0.953954,0.38182,0.385549
8.26557,-0.873911,0.379526,0.3833
8.26557,-0.799803,0.377477,0.381375
8.26557,-0.73081,0.375677,0.379685
8.26557,-0.666272,0.374097,0.378191
8.26557,-0.605647,0.372689,0.376878
8.26557,-0.548489,0.371428,0.375737
8.26557,-0.494422,0.37042,0.374739
8.26557,-0.443128,0.364154,0.37936
8.26557,-0.443128,0.369644,0.373854
8.26557,-0.394338,0.363871,0.378079
8.26557,-0.347818,0.363626,0.376925
8.26557,-0.303366,0.363422,0.37589
8.26557,-0.260807,0.363257,0.374965
8.26557,-0.219985,0.363132,0.374142
8.26557,-0.180764,0.363042,0.373415
8.26557,-0.143024,0.362987,0.372777
8.26557,-0.106656,0.362964,0.372222
8.26557,-0.0715647,0.362969,0.371744
8.26557,-0.0376631,0.362999,0.371339
8.26557,0.116488,0.362994,0.370124
8.26557,0.250019,0.363534,0.370043
9.28131,-1.41809,0.394199,0.399331
9.28131,-1.30031,0.390592,0.394838
9.28131,-1.19495,0.3869,0.390977
9.28131,-1.09964,0.384203,0.387969
9.28131,-1.01263,0.381855,0.385482
9.28131,-0.932586,0.379651,0.383415
9.28131,-0.858478,0.377673,0.381641
9.28131,-0.789485,0.375932,0.380076
9.28131,-0.724946,0.374406,0.378678
9.28131,-0.664322,0.373055,0.377428
9.28131,-0.607163,0.371836,0.37632
9.28131,-0.553096,0.370729,0.375348
9.28131,-0.501803,0.362218,0.38218
9.28131,-0.501803,0.369881,0.374485
9.28131,-0.453013,0.362053,0.380804
9.28131,-0.406493,0.361914,0.379562
9.28131,-0.362041,0.361795,0.378433
9.28131,-0.319481,0.361701,0.377411
9.28131,-0.278659,0.361631,0.376487
9.28131,-0.239439,0.361585,0.375656
9.28131,-0.201698,0.361564,0.374909
9.28131,-0.165331,0.361567,0.374243
9.28131,-0.130239,0.361591,0.37365
9.28131,-0.0963378,0.361638,0.373127
9.28131,0.0578129,0.361562,0.370918
9.28131,0.191344,0.362205,0.370371
